"set","n","result","instance","D","runtime"
"GBRL",100,94,"100_ep0.075_0_gilbert_10.in",1,519.7474
"GBRL",100,88,"100_ep0.075_0_gilbert_10.in",2,554.356
"GBRL",100,1,"100_ep0.075_0_gilbert_10.in",3,0.2263
"GBRL",100,1,"100_ep0.075_0_gilbert_10.in",4,0.1602
"GBRL",100,1,"100_ep0.075_0_gilbert_10.in",5,0.1276
"GBRL",100,1,"100_ep0.075_0_gilbert_10.in",6,0.1782
"GBRL",100,1,"100_ep0.075_0_gilbert_10.in",7,0.1551
"GBRL",100,1,"100_ep0.075_0_gilbert_10.in",8,0.1054
"GBRL",100,1,"100_ep0.075_0_gilbert_10.in",9,0.1082
"GBRL",100,1,"100_ep0.075_0_gilbert_10.in",10,0.0961
"GBRL",100,96,"100_ep0.1_0_gilbert_6.in",1,104.4397
"GBRL",100,92,"100_ep0.1_0_gilbert_6.in",2,198.763
"GBRL",100,87,"100_ep0.1_0_gilbert_6.in",3,260.5899
"GBRL",100,82,"100_ep0.1_0_gilbert_6.in",4,515.2401
"GBRL",100,77,"100_ep0.1_0_gilbert_6.in",5,2084.0896
"GBRL",100,66,"100_ep0.1_0_gilbert_6.in",6,772.0657
"GBRL",100,2,"100_ep0.1_0_gilbert_6.in",7,0.3514
"GBRL",100,1,"100_ep0.1_0_gilbert_6.in",8,0.0765
"GBRL",100,1,"100_ep0.1_0_gilbert_6.in",9,0.0889
"GBRL",100,1,"100_ep0.1_0_gilbert_6.in",10,0.0641
"GBRL",100,97,"100_ep0.125_0_gilbert_3.in",1,97.2313
"GBRL",100,94,"100_ep0.125_0_gilbert_3.in",2,244.355
"GBRL",100,90,"100_ep0.125_0_gilbert_3.in",3,177.7705
"GBRL",100,87,"100_ep0.125_0_gilbert_3.in",4,179.1837
"GBRL",100,84,"100_ep0.125_0_gilbert_3.in",5,211.1246
"GBRL",100,80,"100_ep0.125_0_gilbert_3.in",6,228.2425
"GBRL",100,76,"100_ep0.125_0_gilbert_3.in",7,204.5635
"GBRL",100,72,"100_ep0.125_0_gilbert_3.in",8,366.1224
"GBRL",100,67,"100_ep0.125_0_gilbert_3.in",9,347.8876
"GBRL",100,62,"100_ep0.125_0_gilbert_3.in",10,289.1341
"GBRL",100,96,"100_ep0.1_0_gilbert_8.in",1,106.9362
"GBRL",100,91,"100_ep0.1_0_gilbert_8.in",2,69.2038
"GBRL",100,87,"100_ep0.1_0_gilbert_8.in",3,111.5277
"GBRL",100,82,"100_ep0.1_0_gilbert_8.in",4,215.7891
"GBRL",100,76,"100_ep0.1_0_gilbert_8.in",5,326.5862
"GBRL",100,71,"100_ep0.1_0_gilbert_8.in",6,935.4775
"GBRL",100,59,"100_ep0.1_0_gilbert_8.in",7,611.4623
"GBRL",100,2,"100_ep0.1_0_gilbert_8.in",8,0.528
"GBRL",100,1,"100_ep0.1_0_gilbert_8.in",9,0.0898
"GBRL",100,1,"100_ep0.1_0_gilbert_8.in",10,0.065
"GBRL",100,95,"100_ep0.075_0_gilbert_5.in",1,413.746
"GBRL",100,88,"100_ep0.075_0_gilbert_5.in",2,340.9647
"GBRL",100,81,"100_ep0.075_0_gilbert_5.in",3,397.149
"GBRL",100,73,"100_ep0.075_0_gilbert_5.in",4,838.4338
"GBRL",100,2,"100_ep0.075_0_gilbert_5.in",5,0.4256
"GBRL",100,1,"100_ep0.075_0_gilbert_5.in",6,0.0972
"GBRL",100,1,"100_ep0.075_0_gilbert_5.in",7,0.1433
"GBRL",100,1,"100_ep0.075_0_gilbert_5.in",8,0.1115
"GBRL",100,1,"100_ep0.075_0_gilbert_5.in",9,0.1189
"GBRL",100,1,"100_ep0.075_0_gilbert_5.in",10,0.0899
"GBRL",100,96,"100_ep0.1_0_gilbert_3.in",1,157.7991
"GBRL",100,92,"100_ep0.1_0_gilbert_3.in",2,193.9186
"GBRL",100,86,"100_ep0.1_0_gilbert_3.in",3,138.056
"GBRL",100,82,"100_ep0.1_0_gilbert_3.in",4,42.8882
"GBRL",100,76,"100_ep0.1_0_gilbert_3.in",5,58.9559
"GBRL",100,71,"100_ep0.1_0_gilbert_3.in",6,230.5784
"GBRL",100,63,"100_ep0.1_0_gilbert_3.in",7,394.9807
"GBRL",100,9,"100_ep0.1_0_gilbert_3.in",8,9.0468
"GBRL",100,2,"100_ep0.1_0_gilbert_3.in",9,0.4438
"GBRL",100,1,"100_ep0.1_0_gilbert_3.in",10,0.0964
"GBRL",100,96,"100_ep0.125_0_gilbert_9.in",1,339.5052
"GBRL",100,92,"100_ep0.125_0_gilbert_9.in",2,103.0742
"GBRL",100,87,"100_ep0.125_0_gilbert_9.in",3,257.665
"GBRL",100,83,"100_ep0.125_0_gilbert_9.in",4,578.2819
"GBRL",100,78,"100_ep0.125_0_gilbert_9.in",5,473.5273
"GBRL",100,72,"100_ep0.125_0_gilbert_9.in",6,872.9302
"GBRL",100,2,"100_ep0.125_0_gilbert_9.in",7,0.8028
"GBRL",100,1,"100_ep0.125_0_gilbert_9.in",8,0.1826
"GBRL",100,1,"100_ep0.125_0_gilbert_9.in",9,0.1486
"GBRL",100,1,"100_ep0.125_0_gilbert_9.in",10,0.1133
"GBRL",100,97,"100_ep0.125_0_gilbert_8.in",1,83.9909
"GBRL",100,93,"100_ep0.125_0_gilbert_8.in",2,128.4973
"GBRL",100,90,"100_ep0.125_0_gilbert_8.in",3,399.009
"GBRL",100,86,"100_ep0.125_0_gilbert_8.in",4,315.912
"GBRL",100,81,"100_ep0.125_0_gilbert_8.in",5,270.9566
"GBRL",100,75,"100_ep0.125_0_gilbert_8.in",6,90.7295
"GBRL",100,68,"100_ep0.125_0_gilbert_8.in",7,63.0254
"GBRL",100,62,"100_ep0.125_0_gilbert_8.in",8,573.6072
"GBRL",100,46,"100_ep0.125_0_gilbert_8.in",9,386.838
"GBRL",100,2,"100_ep0.125_0_gilbert_8.in",10,0.693
"GBRL",100,97,"100_ep0.125_0_gilbert_10.in",1,101.4609
"GBRL",100,93,"100_ep0.125_0_gilbert_10.in",2,126.8446
"GBRL",100,90,"100_ep0.125_0_gilbert_10.in",3,576.148
"GBRL",100,85,"100_ep0.125_0_gilbert_10.in",4,346.6188
"GBRL",100,80,"100_ep0.125_0_gilbert_10.in",5,302.9504
"GBRL",100,74,"100_ep0.125_0_gilbert_10.in",6,88.684
"GBRL",100,69,"100_ep0.125_0_gilbert_10.in",7,1559.3967
"GBRL",100,46,"100_ep0.125_0_gilbert_10.in",8,477.1709
"GBRL",100,1,"100_ep0.125_0_gilbert_10.in",9,0.111
"GBRL",100,1,"100_ep0.125_0_gilbert_10.in",10,0.0804
"GBRL",100,96,"100_ep0.125_0_gilbert_1.in",1,143.2812
"GBRL",100,93,"100_ep0.125_0_gilbert_1.in",2,139.8638
"GBRL",100,89,"100_ep0.125_0_gilbert_1.in",3,210.4803
"GBRL",100,85,"100_ep0.125_0_gilbert_1.in",4,196.1079
"GBRL",100,81,"100_ep0.125_0_gilbert_1.in",5,108.1532
"GBRL",100,76,"100_ep0.125_0_gilbert_1.in",6,101.0666
"GBRL",100,70,"100_ep0.125_0_gilbert_1.in",7,67.9063
"GBRL",100,64,"100_ep0.125_0_gilbert_1.in",8,69.5471
"GBRL",100,58,"100_ep0.125_0_gilbert_1.in",9,1204.3202
"GBRL",100,40,"100_ep0.125_0_gilbert_1.in",10,369.9145
"GBRL",100,95,"100_ep0.075_0_gilbert_6.in",1,225.1449
"GBRL",100,89,"100_ep0.075_0_gilbert_6.in",2,279.137
"GBRL",100,83,"100_ep0.075_0_gilbert_6.in",3,314.457
"GBRL",100,75,"100_ep0.075_0_gilbert_6.in",4,185.1333
"GBRL",100,61,"100_ep0.075_0_gilbert_6.in",5,666.2378
"GBRL",100,2,"100_ep0.075_0_gilbert_6.in",6,0.3754
"GBRL",100,1,"100_ep0.075_0_gilbert_6.in",7,0.0713
"GBRL",100,1,"100_ep0.075_0_gilbert_6.in",8,0.0608
"GBRL",100,1,"100_ep0.075_0_gilbert_6.in",9,0.0624
"GBRL",100,1,"100_ep0.075_0_gilbert_6.in",10,0.0456
"GBRL",100,96,"100_ep0.1_0_gilbert_4.in",1,126.3558
"GBRL",100,91,"100_ep0.1_0_gilbert_4.in",2,85.5841
"GBRL",100,87,"100_ep0.1_0_gilbert_4.in",3,118.9798
"GBRL",100,82,"100_ep0.1_0_gilbert_4.in",4,97.9735
"GBRL",100,77,"100_ep0.1_0_gilbert_4.in",5,237.5237
"GBRL",100,72,"100_ep0.1_0_gilbert_4.in",6,395.8278
"GBRL",100,64,"100_ep0.1_0_gilbert_4.in",7,604.6778
"GBRL",100,46,"100_ep0.1_0_gilbert_4.in",8,384.8961
"GBRL",100,2,"100_ep0.1_0_gilbert_4.in",9,0.4125
"GBRL",100,1,"100_ep0.1_0_gilbert_4.in",10,0.0751
"GBRL",100,94,"100_ep0.075_0_gilbert_9.in",1,285.8023
"GBRL",100,88,"100_ep0.075_0_gilbert_9.in",2,959.1951
"GBRL",100,2,"100_ep0.075_0_gilbert_9.in",3,0.7054
"GBRL",100,1,"100_ep0.075_0_gilbert_9.in",4,0.1237
"GBRL",100,1,"100_ep0.075_0_gilbert_9.in",5,0.0993
"GBRL",100,1,"100_ep0.075_0_gilbert_9.in",6,0.0817
"GBRL",100,1,"100_ep0.075_0_gilbert_9.in",7,0.0768
"GBRL",100,1,"100_ep0.075_0_gilbert_9.in",8,0.0688
"GBRL",100,1,"100_ep0.075_0_gilbert_9.in",9,0.0698
"GBRL",100,1,"100_ep0.075_0_gilbert_9.in",10,0.0502
"GBRL",100,96,"100_ep0.1_0_gilbert_10.in",1,709.7788
"GBRL",100,89,"100_ep0.1_0_gilbert_10.in",2,618.3228
"GBRL",100,1,"100_ep0.1_0_gilbert_10.in",3,0.2666
"GBRL",100,1,"100_ep0.1_0_gilbert_10.in",4,0.283
"GBRL",100,1,"100_ep0.1_0_gilbert_10.in",5,0.2459
"GBRL",100,1,"100_ep0.1_0_gilbert_10.in",6,0.2028
"GBRL",100,1,"100_ep0.1_0_gilbert_10.in",7,0.1417
"GBRL",100,1,"100_ep0.1_0_gilbert_10.in",8,0.1503
"GBRL",100,1,"100_ep0.1_0_gilbert_10.in",9,0.1264
"GBRL",100,1,"100_ep0.1_0_gilbert_10.in",10,0.0878
"GBRL",100,95,"100_ep0.075_0_gilbert_4.in",1,161.9867
"GBRL",100,89,"100_ep0.075_0_gilbert_4.in",2,236.2484
"GBRL",100,83,"100_ep0.075_0_gilbert_4.in",3,510.1779
"GBRL",100,75,"100_ep0.075_0_gilbert_4.in",4,210.0809
"GBRL",100,64,"100_ep0.075_0_gilbert_4.in",5,508.4314
"GBRL",100,5,"100_ep0.075_0_gilbert_4.in",6,1.8361
"GBRL",100,2,"100_ep0.075_0_gilbert_4.in",7,0.2563
"GBRL",100,1,"100_ep0.075_0_gilbert_4.in",8,0.058
"GBRL",100,1,"100_ep0.075_0_gilbert_4.in",9,0.117
"GBRL",100,1,"100_ep0.075_0_gilbert_4.in",10,0.0854
"GBRL",100,97,"100_ep0.125_0_gilbert_2.in",1,28.9181
"GBRL",100,93,"100_ep0.125_0_gilbert_2.in",2,46.1876
"GBRL",100,90,"100_ep0.125_0_gilbert_2.in",3,270.6299
"GBRL",100,87,"100_ep0.125_0_gilbert_2.in",4,233.1873
"GBRL",100,83,"100_ep0.125_0_gilbert_2.in",5,211.2509
"GBRL",100,79,"100_ep0.125_0_gilbert_2.in",6,479.1726
"GBRL",100,76,"100_ep0.125_0_gilbert_2.in",7,360.2069
"GBRL",100,72,"100_ep0.125_0_gilbert_2.in",8,325.9273
"GBRL",100,67,"100_ep0.125_0_gilbert_2.in",9,263.5665
"GBRL",100,61,"100_ep0.125_0_gilbert_2.in",10,221.4027
"GBRL",100,97,"100_ep0.125_0_gilbert_5.in",1,37.9632
"GBRL",100,94,"100_ep0.125_0_gilbert_5.in",2,145.1784
"GBRL",100,90,"100_ep0.125_0_gilbert_5.in",3,135.0922
"GBRL",100,87,"100_ep0.125_0_gilbert_5.in",4,240.7237
"GBRL",100,83,"100_ep0.125_0_gilbert_5.in",5,220.5705
"GBRL",100,79,"100_ep0.125_0_gilbert_5.in",6,396.6555
"GBRL",100,76,"100_ep0.125_0_gilbert_5.in",7,377.514
"GBRL",100,72,"100_ep0.125_0_gilbert_5.in",8,345.1378
"GBRL",100,68,"100_ep0.125_0_gilbert_5.in",9,336.7504
"GBRL",100,63,"100_ep0.125_0_gilbert_5.in",10,395.3893
"GBRL",100,97,"100_ep0.125_0_gilbert_4.in",1,71.9173
"GBRL",100,94,"100_ep0.125_0_gilbert_4.in",2,215.3916
"GBRL",100,90,"100_ep0.125_0_gilbert_4.in",3,411.5608
"GBRL",100,86,"100_ep0.125_0_gilbert_4.in",4,275.7149
"GBRL",100,82,"100_ep0.125_0_gilbert_4.in",5,189.1406
"GBRL",100,77,"100_ep0.125_0_gilbert_4.in",6,182.9891
"GBRL",100,72,"100_ep0.125_0_gilbert_4.in",7,54.7129
"GBRL",100,65,"100_ep0.125_0_gilbert_4.in",8,54.5664
"GBRL",100,59,"100_ep0.125_0_gilbert_4.in",9,327.8947
"GBRL",100,45,"100_ep0.125_0_gilbert_4.in",10,242.4239
"GBRL",100,96,"100_ep0.1_0_gilbert_9.in",1,159.7093
"GBRL",100,91,"100_ep0.1_0_gilbert_9.in",2,185.2241
"GBRL",100,87,"100_ep0.1_0_gilbert_9.in",3,194.2423
"GBRL",100,82,"100_ep0.1_0_gilbert_9.in",4,103.4054
"GBRL",100,77,"100_ep0.1_0_gilbert_9.in",5,140.4803
"GBRL",100,72,"100_ep0.1_0_gilbert_9.in",6,310.2393
"GBRL",100,66,"100_ep0.1_0_gilbert_9.in",7,787.1366
"GBRL",100,57,"100_ep0.1_0_gilbert_9.in",8,806.4135
"GBRL",100,19,"100_ep0.1_0_gilbert_9.in",9,38.1748
"GBRL",100,3,"100_ep0.1_0_gilbert_9.in",10,0.3702
"GBRL",100,97,"100_ep0.1_0_gilbert_1.in",1,32.7957
"GBRL",100,93,"100_ep0.1_0_gilbert_1.in",2,64.2658
"GBRL",100,89,"100_ep0.1_0_gilbert_1.in",3,169.2726
"GBRL",100,84,"100_ep0.1_0_gilbert_1.in",4,47.0733
"GBRL",100,79,"100_ep0.1_0_gilbert_1.in",5,45.3205
"GBRL",100,74,"100_ep0.1_0_gilbert_1.in",6,49.0717
"GBRL",100,68,"100_ep0.1_0_gilbert_1.in",7,36.6695
"GBRL",100,62,"100_ep0.1_0_gilbert_1.in",8,117.5491
"GBRL",100,54,"100_ep0.1_0_gilbert_1.in",9,294.0132
"GBRL",100,37,"100_ep0.1_0_gilbert_1.in",10,93.0292
"GBRL",100,96,"100_ep0.1_0_gilbert_2.in",1,58.4786
"GBRL",100,91,"100_ep0.1_0_gilbert_2.in",2,113.5492
"GBRL",100,86,"100_ep0.1_0_gilbert_2.in",3,238.6992
"GBRL",100,81,"100_ep0.1_0_gilbert_2.in",4,459.5122
"GBRL",100,76,"100_ep0.1_0_gilbert_2.in",5,843.6162
"GBRL",100,67,"100_ep0.1_0_gilbert_2.in",6,506.8244
"GBRL",100,14,"100_ep0.1_0_gilbert_2.in",7,54.9034
"GBRL",100,2,"100_ep0.1_0_gilbert_2.in",8,0.496
"GBRL",100,1,"100_ep0.1_0_gilbert_2.in",9,0.131
"GBRL",100,1,"100_ep0.1_0_gilbert_2.in",10,0.0822
"GBRL",100,94,"100_ep0.075_0_gilbert_8.in",1,201.6137
"GBRL",100,89,"100_ep0.075_0_gilbert_8.in",2,235.2729
"GBRL",100,83,"100_ep0.075_0_gilbert_8.in",3,611.7904
"GBRL",100,75,"100_ep0.075_0_gilbert_8.in",4,521.6323
"GBRL",100,62,"100_ep0.075_0_gilbert_8.in",5,705.3329
"GBRL",100,2,"100_ep0.075_0_gilbert_8.in",6,0.411
"GBRL",100,1,"100_ep0.075_0_gilbert_8.in",7,0.0821
"GBRL",100,1,"100_ep0.075_0_gilbert_8.in",8,0.0615
"GBRL",100,1,"100_ep0.075_0_gilbert_8.in",9,0.0627
"GBRL",100,1,"100_ep0.075_0_gilbert_8.in",10,0.0459
"GBRL",100,94,"100_ep0.075_0_gilbert_1.in",1,117.9695
"GBRL",100,89,"100_ep0.075_0_gilbert_1.in",2,111.115
"GBRL",100,84,"100_ep0.075_0_gilbert_1.in",3,275.1563
"GBRL",100,77,"100_ep0.075_0_gilbert_1.in",4,394.8377
"GBRL",100,69,"100_ep0.075_0_gilbert_1.in",5,336.1871
"GBRL",100,59,"100_ep0.075_0_gilbert_1.in",6,699.9107
"GBRL",100,6,"100_ep0.075_0_gilbert_1.in",7,0.7804
"GBRL",100,3,"100_ep0.075_0_gilbert_1.in",8,0.2325
"GBRL",100,2,"100_ep0.075_0_gilbert_1.in",9,0.196
"GBRL",100,1,"100_ep0.075_0_gilbert_1.in",10,0.0476
"GBRL",100,96,"100_ep0.1_0_gilbert_7.in",1,135.6048
"GBRL",100,91,"100_ep0.1_0_gilbert_7.in",2,212.4463
"GBRL",100,86,"100_ep0.1_0_gilbert_7.in",3,378.5168
"GBRL",100,81,"100_ep0.1_0_gilbert_7.in",4,489.2084
"GBRL",100,74,"100_ep0.1_0_gilbert_7.in",5,634.0327
"GBRL",100,3,"100_ep0.1_0_gilbert_7.in",6,0.9388
"GBRL",100,1,"100_ep0.1_0_gilbert_7.in",7,0.1795
"GBRL",100,1,"100_ep0.1_0_gilbert_7.in",8,0.1229
"GBRL",100,1,"100_ep0.1_0_gilbert_7.in",9,0.1286
"GBRL",100,1,"100_ep0.1_0_gilbert_7.in",10,0.1128
"GBRL",100,97,"100_ep0.125_0_gilbert_7.in",1,68.0061
"GBRL",100,93,"100_ep0.125_0_gilbert_7.in",2,172.4801
"GBRL",100,89,"100_ep0.125_0_gilbert_7.in",3,284.5066
"GBRL",100,85,"100_ep0.125_0_gilbert_7.in",4,181.5226
"GBRL",100,80,"100_ep0.125_0_gilbert_7.in",5,104.4989
"GBRL",100,74,"100_ep0.125_0_gilbert_7.in",6,85.0739
"GBRL",100,68,"100_ep0.125_0_gilbert_7.in",7,587.8857
"GBRL",100,57,"100_ep0.125_0_gilbert_7.in",8,440.5182
"GBRL",100,2,"100_ep0.125_0_gilbert_7.in",9,0.4102
"GBRL",100,1,"100_ep0.125_0_gilbert_7.in",10,0.0971
"GBRL",100,95,"100_ep0.075_0_gilbert_7.in",1,755.2555
"GBRL",100,88,"100_ep0.075_0_gilbert_7.in",2,1299.2181
"GBRL",100,2,"100_ep0.075_0_gilbert_7.in",3,0.7061
"GBRL",100,1,"100_ep0.075_0_gilbert_7.in",4,0.1247
"GBRL",100,1,"100_ep0.075_0_gilbert_7.in",5,0.0996
"GBRL",100,1,"100_ep0.075_0_gilbert_7.in",6,0.0826
"GBRL",100,1,"100_ep0.075_0_gilbert_7.in",7,0.0863
"GBRL",100,1,"100_ep0.075_0_gilbert_7.in",8,0.121
"GBRL",100,1,"100_ep0.075_0_gilbert_7.in",9,0.0986
"GBRL",100,1,"100_ep0.075_0_gilbert_7.in",10,0.0718
"GBRL",100,96,"100_ep0.1_0_gilbert_5.in",1,97.3693
"GBRL",100,92,"100_ep0.1_0_gilbert_5.in",2,103.1964
"GBRL",100,87,"100_ep0.1_0_gilbert_5.in",3,114.9964
"GBRL",100,82,"100_ep0.1_0_gilbert_5.in",4,75.5263
"GBRL",100,77,"100_ep0.1_0_gilbert_5.in",5,59.6572
"GBRL",100,72,"100_ep0.1_0_gilbert_5.in",6,190.9957
"GBRL",100,66,"100_ep0.1_0_gilbert_5.in",7,718.1423
"GBRL",100,56,"100_ep0.1_0_gilbert_5.in",8,459.1326
"GBRL",100,9,"100_ep0.1_0_gilbert_5.in",9,3.149
"GBRL",100,3,"100_ep0.1_0_gilbert_5.in",10,0.2002
"GBRL",100,97,"100_ep0.125_0_gilbert_6.in",1,142.7135
"GBRL",100,93,"100_ep0.125_0_gilbert_6.in",2,112.4443
"GBRL",100,90,"100_ep0.125_0_gilbert_6.in",3,433.4581
"GBRL",100,86,"100_ep0.125_0_gilbert_6.in",4,276.2279
"GBRL",100,81,"100_ep0.125_0_gilbert_6.in",5,243.8926
"GBRL",100,76,"100_ep0.125_0_gilbert_6.in",6,66.9339
"GBRL",100,70,"100_ep0.125_0_gilbert_6.in",7,63.333
"GBRL",100,64,"100_ep0.125_0_gilbert_6.in",8,135.0117
"GBRL",100,58,"100_ep0.125_0_gilbert_6.in",9,589.3659
"GBRL",100,42,"100_ep0.125_0_gilbert_6.in",10,257.4282
"GBRL",100,95,"100_ep0.075_0_gilbert_3.in",1,109.8242
"GBRL",100,89,"100_ep0.075_0_gilbert_3.in",2,152.2676
"GBRL",100,83,"100_ep0.075_0_gilbert_3.in",3,222.7478
"GBRL",100,75,"100_ep0.075_0_gilbert_3.in",4,64.833
"GBRL",100,65,"100_ep0.075_0_gilbert_3.in",5,72.987
"GBRL",100,41,"100_ep0.075_0_gilbert_3.in",6,53.9319
"GBRL",100,4,"100_ep0.075_0_gilbert_3.in",7,0.3692
"GBRL",100,3,"100_ep0.075_0_gilbert_3.in",8,0.2214
"GBRL",100,2,"100_ep0.075_0_gilbert_3.in",9,0.169
"GBRL",100,1,"100_ep0.075_0_gilbert_3.in",10,0.0451
"GBRL",100,95,"100_ep0.075_0_gilbert_2.in",1,550.5531
"GBRL",100,88,"100_ep0.075_0_gilbert_2.in",2,525.6217
"GBRL",100,80,"100_ep0.075_0_gilbert_2.in",3,448.8522
"GBRL",100,2,"100_ep0.075_0_gilbert_2.in",4,0.5332
"GBRL",100,1,"100_ep0.075_0_gilbert_2.in",5,0.098
"GBRL",100,1,"100_ep0.075_0_gilbert_2.in",6,0.0825
"GBRL",100,1,"100_ep0.075_0_gilbert_2.in",7,0.0798
"GBRL",100,1,"100_ep0.075_0_gilbert_2.in",8,0.0694
"GBRL",100,1,"100_ep0.075_0_gilbert_2.in",9,0.0714
"GBRL",100,1,"100_ep0.075_0_gilbert_2.in",10,0.0512
"GBRL",50,47,"50_ep0.25_0_gilbert_1.in",1,3.8457
"GBRL",50,44,"50_ep0.25_0_gilbert_1.in",2,4.5625
"GBRL",50,40,"50_ep0.25_0_gilbert_1.in",3,1.41
"GBRL",50,37,"50_ep0.25_0_gilbert_1.in",4,1.9465
"GBRL",50,33,"50_ep0.25_0_gilbert_1.in",5,2.1551
"GBRL",50,28,"50_ep0.25_0_gilbert_1.in",6,1.6477
"GBRL",50,23,"50_ep0.25_0_gilbert_1.in",7,2.1124
"GBRL",50,13,"50_ep0.25_0_gilbert_1.in",8,1.0797
"GBRL",50,2,"50_ep0.25_0_gilbert_1.in",9,0.0967
"GBRL",50,1,"50_ep0.25_0_gilbert_1.in",10,0.033
"GBRL",50,47,"50_ep0.25_0_gilbert_9.in",1,1.6583
"GBRL",50,45,"50_ep0.25_0_gilbert_9.in",2,1.364
"GBRL",50,41,"50_ep0.25_0_gilbert_9.in",3,1.0099
"GBRL",50,38,"50_ep0.25_0_gilbert_9.in",4,0.3473
"GBRL",50,35,"50_ep0.25_0_gilbert_9.in",5,0.354
"GBRL",50,31,"50_ep0.25_0_gilbert_9.in",6,0.8883
"GBRL",50,28,"50_ep0.25_0_gilbert_9.in",7,0.4803
"GBRL",50,24,"50_ep0.25_0_gilbert_9.in",8,0.6807
"GBRL",50,19,"50_ep0.25_0_gilbert_9.in",9,0.3416
"GBRL",50,15,"50_ep0.25_0_gilbert_9.in",10,0.4707
"GBRL",50,47,"50_ep0.2_0_gilbert_2.in",1,1.9846
"GBRL",50,43,"50_ep0.2_0_gilbert_2.in",2,1.5469
"GBRL",50,40,"50_ep0.2_0_gilbert_2.in",3,1.2035
"GBRL",50,36,"50_ep0.2_0_gilbert_2.in",4,0.951
"GBRL",50,32,"50_ep0.2_0_gilbert_2.in",5,0.4303
"GBRL",50,28,"50_ep0.2_0_gilbert_2.in",6,0.623
"GBRL",50,25,"50_ep0.2_0_gilbert_2.in",7,0.7179
"GBRL",50,20,"50_ep0.2_0_gilbert_2.in",8,0.5175
"GBRL",50,15,"50_ep0.2_0_gilbert_2.in",9,0.2456
"GBRL",50,10,"50_ep0.2_0_gilbert_2.in",10,0.4045
"GBRL",50,47,"50_ep0.2_0_gilbert_4.in",1,1.7257
"GBRL",50,44,"50_ep0.2_0_gilbert_4.in",2,1.6392
"GBRL",50,40,"50_ep0.2_0_gilbert_4.in",3,1.9707
"GBRL",50,36,"50_ep0.2_0_gilbert_4.in",4,1.0764
"GBRL",50,32,"50_ep0.2_0_gilbert_4.in",5,0.9326
"GBRL",50,28,"50_ep0.2_0_gilbert_4.in",6,1.586
"GBRL",50,22,"50_ep0.2_0_gilbert_4.in",7,1.0462
"GBRL",50,16,"50_ep0.2_0_gilbert_4.in",8,0.7831
"GBRL",50,6,"50_ep0.2_0_gilbert_4.in",9,0.2869
"GBRL",50,3,"50_ep0.2_0_gilbert_4.in",10,0.0511
"GBRL",50,46,"50_ep0.2_0_gilbert_3.in",1,5.3587
"GBRL",50,41,"50_ep0.2_0_gilbert_3.in",2,8.3028
"GBRL",50,36,"50_ep0.2_0_gilbert_3.in",3,6.3954
"GBRL",50,16,"50_ep0.2_0_gilbert_3.in",4,3.4373
"GBRL",50,1,"50_ep0.2_0_gilbert_3.in",5,0.0358
"GBRL",50,1,"50_ep0.2_0_gilbert_3.in",6,0.0315
"GBRL",50,1,"50_ep0.2_0_gilbert_3.in",7,0.0529
"GBRL",50,1,"50_ep0.2_0_gilbert_3.in",8,0.0389
"GBRL",50,1,"50_ep0.2_0_gilbert_3.in",9,0.0329
"GBRL",50,1,"50_ep0.2_0_gilbert_3.in",10,0.0263
"GBRL",50,47,"50_ep0.25_0_gilbert_3.in",1,3.5952
"GBRL",50,44,"50_ep0.25_0_gilbert_3.in",2,3.0242
"GBRL",50,40,"50_ep0.25_0_gilbert_3.in",3,3.0669
"GBRL",50,36,"50_ep0.25_0_gilbert_3.in",4,2.3016
"GBRL",50,32,"50_ep0.25_0_gilbert_3.in",5,2.6194
"GBRL",50,25,"50_ep0.25_0_gilbert_3.in",6,2.6893
"GBRL",50,15,"50_ep0.25_0_gilbert_3.in",7,2.2455
"GBRL",50,2,"50_ep0.25_0_gilbert_3.in",8,0.1149
"GBRL",50,1,"50_ep0.25_0_gilbert_3.in",9,0.0386
"GBRL",50,1,"50_ep0.25_0_gilbert_3.in",10,0.0303
"GBRL",50,47,"50_ep0.25_0_gilbert_2.in",1,3.4511
"GBRL",50,43,"50_ep0.25_0_gilbert_2.in",2,1.807
"GBRL",50,40,"50_ep0.25_0_gilbert_2.in",3,1.2351
"GBRL",50,36,"50_ep0.25_0_gilbert_2.in",4,1.0614
"GBRL",50,33,"50_ep0.25_0_gilbert_2.in",5,1.0755
"GBRL",50,28,"50_ep0.25_0_gilbert_2.in",6,1.272
"GBRL",50,23,"50_ep0.25_0_gilbert_2.in",7,1.0493
"GBRL",50,16,"50_ep0.25_0_gilbert_2.in",8,0.714
"GBRL",50,5,"50_ep0.25_0_gilbert_2.in",9,0.2313
"GBRL",50,2,"50_ep0.25_0_gilbert_2.in",10,0.0406
"GBRL",50,45,"50_ep0.15_0_gilbert_7.in",1,1.6221
"GBRL",50,41,"50_ep0.15_0_gilbert_7.in",2,1.4179
"GBRL",50,37,"50_ep0.15_0_gilbert_7.in",3,0.9264
"GBRL",50,32,"50_ep0.15_0_gilbert_7.in",4,0.7953
"GBRL",50,27,"50_ep0.15_0_gilbert_7.in",5,0.753
"GBRL",50,22,"50_ep0.15_0_gilbert_7.in",6,1.1894
"GBRL",50,15,"50_ep0.15_0_gilbert_7.in",7,0.4497
"GBRL",50,7,"50_ep0.15_0_gilbert_7.in",8,0.1191
"GBRL",50,4,"50_ep0.15_0_gilbert_7.in",9,0.0642
"GBRL",50,3,"50_ep0.15_0_gilbert_7.in",10,0.0436
"GBRL",50,46,"50_ep0.15_0_gilbert_6.in",1,3.3026
"GBRL",50,40,"50_ep0.15_0_gilbert_6.in",2,3.5213
"GBRL",50,31,"50_ep0.15_0_gilbert_6.in",3,2.0338
"GBRL",50,3,"50_ep0.15_0_gilbert_6.in",4,0.0869
"GBRL",50,2,"50_ep0.15_0_gilbert_6.in",5,0.0698
"GBRL",50,1,"50_ep0.15_0_gilbert_6.in",6,0.0239
"GBRL",50,1,"50_ep0.15_0_gilbert_6.in",7,0.0257
"GBRL",50,1,"50_ep0.15_0_gilbert_6.in",8,0.0188
"GBRL",50,1,"50_ep0.15_0_gilbert_6.in",9,0.0162
"GBRL",50,1,"50_ep0.15_0_gilbert_6.in",10,0.012
"GBRL",50,47,"50_ep0.25_0_gilbert_10.in",1,2.7356
"GBRL",50,44,"50_ep0.25_0_gilbert_10.in",2,1.4717
"GBRL",50,41,"50_ep0.25_0_gilbert_10.in",3,0.9656
"GBRL",50,38,"50_ep0.25_0_gilbert_10.in",4,0.3997
"GBRL",50,34,"50_ep0.25_0_gilbert_10.in",5,0.6862
"GBRL",50,31,"50_ep0.25_0_gilbert_10.in",6,0.5288
"GBRL",50,27,"50_ep0.25_0_gilbert_10.in",7,0.427
"GBRL",50,23,"50_ep0.25_0_gilbert_10.in",8,1.0376
"GBRL",50,19,"50_ep0.25_0_gilbert_10.in",9,0.5608
"GBRL",50,13,"50_ep0.25_0_gilbert_10.in",10,0.4366
"GBRL",50,47,"50_ep0.25_0_gilbert_5.in",1,2.399
"GBRL",50,43,"50_ep0.25_0_gilbert_5.in",2,1.7176
"GBRL",50,40,"50_ep0.25_0_gilbert_5.in",3,0.9505
"GBRL",50,36,"50_ep0.25_0_gilbert_5.in",4,0.47
"GBRL",50,32,"50_ep0.25_0_gilbert_5.in",5,0.9997
"GBRL",50,29,"50_ep0.25_0_gilbert_5.in",6,0.6154
"GBRL",50,25,"50_ep0.25_0_gilbert_5.in",7,0.9124
"GBRL",50,20,"50_ep0.25_0_gilbert_5.in",8,0.5557
"GBRL",50,14,"50_ep0.25_0_gilbert_5.in",9,0.6883
"GBRL",50,6,"50_ep0.25_0_gilbert_5.in",10,0.2241
"GBRL",50,47,"50_ep0.2_0_gilbert_6.in",1,3.0756
"GBRL",50,43,"50_ep0.2_0_gilbert_6.in",2,1.5254
"GBRL",50,39,"50_ep0.2_0_gilbert_6.in",3,1.5452
"GBRL",50,35,"50_ep0.2_0_gilbert_6.in",4,1.2836
"GBRL",50,30,"50_ep0.2_0_gilbert_6.in",5,1.5269
"GBRL",50,25,"50_ep0.2_0_gilbert_6.in",6,0.881
"GBRL",50,16,"50_ep0.2_0_gilbert_6.in",7,0.9037
"GBRL",50,7,"50_ep0.2_0_gilbert_6.in",8,0.1686
"GBRL",50,3,"50_ep0.2_0_gilbert_6.in",9,0.0735
"GBRL",50,2,"50_ep0.2_0_gilbert_6.in",10,0.0653
"GBRL",50,47,"50_ep0.25_0_gilbert_8.in",1,1.7165
"GBRL",50,44,"50_ep0.25_0_gilbert_8.in",2,1.8625
"GBRL",50,41,"50_ep0.25_0_gilbert_8.in",3,0.2934
"GBRL",50,37,"50_ep0.25_0_gilbert_8.in",4,0.3237
"GBRL",50,34,"50_ep0.25_0_gilbert_8.in",5,0.3989
"GBRL",50,30,"50_ep0.25_0_gilbert_8.in",6,0.6177
"GBRL",50,27,"50_ep0.25_0_gilbert_8.in",7,0.5187
"GBRL",50,23,"50_ep0.25_0_gilbert_8.in",8,0.6225
"GBRL",50,18,"50_ep0.25_0_gilbert_8.in",9,0.5089
"GBRL",50,11,"50_ep0.25_0_gilbert_8.in",10,0.3064
"GBRL",50,47,"50_ep0.2_0_gilbert_1.in",1,3.7376
"GBRL",50,43,"50_ep0.2_0_gilbert_1.in",2,2.7431
"GBRL",50,39,"50_ep0.2_0_gilbert_1.in",3,2.0607
"GBRL",50,34,"50_ep0.2_0_gilbert_1.in",4,1.9083
"GBRL",50,26,"50_ep0.2_0_gilbert_1.in",5,1.6957
"GBRL",50,6,"50_ep0.2_0_gilbert_1.in",6,0.5832
"GBRL",50,2,"50_ep0.2_0_gilbert_1.in",7,0.0615
"GBRL",50,1,"50_ep0.2_0_gilbert_1.in",8,0.0441
"GBRL",50,1,"50_ep0.2_0_gilbert_1.in",9,0.0364
"GBRL",50,1,"50_ep0.2_0_gilbert_1.in",10,0.0288
"GBRL",50,47,"50_ep0.2_0_gilbert_9.in",1,2.659
"GBRL",50,43,"50_ep0.2_0_gilbert_9.in",2,1.432
"GBRL",50,40,"50_ep0.2_0_gilbert_9.in",3,1.5378
"GBRL",50,36,"50_ep0.2_0_gilbert_9.in",4,1.3616
"GBRL",50,32,"50_ep0.2_0_gilbert_9.in",5,1.2286
"GBRL",50,26,"50_ep0.2_0_gilbert_9.in",6,0.7885
"GBRL",50,19,"50_ep0.2_0_gilbert_9.in",7,0.6468
"GBRL",50,10,"50_ep0.2_0_gilbert_9.in",8,0.3979
"GBRL",50,4,"50_ep0.2_0_gilbert_9.in",9,0.1632
"GBRL",50,2,"50_ep0.2_0_gilbert_9.in",10,0.0665
"GBRL",50,45,"50_ep0.15_0_gilbert_1.in",1,3.3474
"GBRL",50,40,"50_ep0.15_0_gilbert_1.in",2,2.1467
"GBRL",50,34,"50_ep0.15_0_gilbert_1.in",3,3.1744
"GBRL",50,25,"50_ep0.15_0_gilbert_1.in",4,2.8272
"GBRL",50,4,"50_ep0.15_0_gilbert_1.in",5,0.1449
"GBRL",50,2,"50_ep0.15_0_gilbert_1.in",6,0.0579
"GBRL",50,1,"50_ep0.15_0_gilbert_1.in",7,0.0239
"GBRL",50,1,"50_ep0.15_0_gilbert_1.in",8,0.0177
"GBRL",50,1,"50_ep0.15_0_gilbert_1.in",9,0.0158
"GBRL",50,1,"50_ep0.15_0_gilbert_1.in",10,0.0123
"GBRL",50,48,"50_ep0.25_0_gilbert_6.in",1,1.5128
"GBRL",50,45,"50_ep0.25_0_gilbert_6.in",2,1.3076
"GBRL",50,42,"50_ep0.25_0_gilbert_6.in",3,0.2147
"GBRL",50,39,"50_ep0.25_0_gilbert_6.in",4,0.4089
"GBRL",50,37,"50_ep0.25_0_gilbert_6.in",5,0.3362
"GBRL",50,33,"50_ep0.25_0_gilbert_6.in",6,0.4167
"GBRL",50,30,"50_ep0.25_0_gilbert_6.in",7,0.3679
"GBRL",50,26,"50_ep0.25_0_gilbert_6.in",8,0.3731
"GBRL",50,23,"50_ep0.25_0_gilbert_6.in",9,0.2005
"GBRL",50,20,"50_ep0.25_0_gilbert_6.in",10,0.2315
"GBRL",50,46,"50_ep0.15_0_gilbert_8.in",1,3.2556
"GBRL",50,41,"50_ep0.15_0_gilbert_8.in",2,2.4167
"GBRL",50,35,"50_ep0.15_0_gilbert_8.in",3,2.8092
"GBRL",50,29,"50_ep0.15_0_gilbert_8.in",4,2.6602
"GBRL",50,9,"50_ep0.15_0_gilbert_8.in",5,1.0704
"GBRL",50,2,"50_ep0.15_0_gilbert_8.in",6,0.0753
"GBRL",50,1,"50_ep0.15_0_gilbert_8.in",7,0.0446
"GBRL",50,1,"50_ep0.15_0_gilbert_8.in",8,0.0379
"GBRL",50,1,"50_ep0.15_0_gilbert_8.in",9,0.0323
"GBRL",50,1,"50_ep0.15_0_gilbert_8.in",10,0.0257
"GBRL",50,47,"50_ep0.2_0_gilbert_8.in",1,3.5914
"GBRL",50,43,"50_ep0.2_0_gilbert_8.in",2,3.6146
"GBRL",50,37,"50_ep0.2_0_gilbert_8.in",3,1.7696
"GBRL",50,30,"50_ep0.2_0_gilbert_8.in",4,3.4723
"GBRL",50,2,"50_ep0.2_0_gilbert_8.in",5,0.1265
"GBRL",50,1,"50_ep0.2_0_gilbert_8.in",6,0.0409
"GBRL",50,1,"50_ep0.2_0_gilbert_8.in",7,0.0359
"GBRL",50,1,"50_ep0.2_0_gilbert_8.in",8,0.0268
"GBRL",50,1,"50_ep0.2_0_gilbert_8.in",9,0.0221
"GBRL",50,1,"50_ep0.2_0_gilbert_8.in",10,0.0175
"GBRL",50,47,"50_ep0.2_0_gilbert_7.in",1,3.762
"GBRL",50,42,"50_ep0.2_0_gilbert_7.in",2,2.6095
"GBRL",50,37,"50_ep0.2_0_gilbert_7.in",3,2.2712
"GBRL",50,30,"50_ep0.2_0_gilbert_7.in",4,3.9494
"GBRL",50,5,"50_ep0.2_0_gilbert_7.in",5,1.4719
"GBRL",50,1,"50_ep0.2_0_gilbert_7.in",6,0.0334
"GBRL",50,1,"50_ep0.2_0_gilbert_7.in",7,0.035
"GBRL",50,1,"50_ep0.2_0_gilbert_7.in",8,0.0266
"GBRL",50,1,"50_ep0.2_0_gilbert_7.in",9,0.0218
"GBRL",50,1,"50_ep0.2_0_gilbert_7.in",10,0.0174
"GBRL",50,45,"50_ep0.15_0_gilbert_9.in",1,3.2593
"GBRL",50,41,"50_ep0.15_0_gilbert_9.in",2,2.2402
"GBRL",50,35,"50_ep0.15_0_gilbert_9.in",3,2.074
"GBRL",50,29,"50_ep0.15_0_gilbert_9.in",4,1.7427
"GBRL",50,16,"50_ep0.15_0_gilbert_9.in",5,1.651
"GBRL",50,2,"50_ep0.15_0_gilbert_9.in",6,0.0633
"GBRL",50,1,"50_ep0.15_0_gilbert_9.in",7,0.0265
"GBRL",50,1,"50_ep0.15_0_gilbert_9.in",8,0.02
"GBRL",50,1,"50_ep0.15_0_gilbert_9.in",9,0.0168
"GBRL",50,1,"50_ep0.15_0_gilbert_9.in",10,0.0135
"GBRL",50,47,"50_ep0.2_0_gilbert_10.in",1,4.5876
"GBRL",50,43,"50_ep0.2_0_gilbert_10.in",2,2.1077
"GBRL",50,40,"50_ep0.2_0_gilbert_10.in",3,2.1482
"GBRL",50,36,"50_ep0.2_0_gilbert_10.in",4,2.0884
"GBRL",50,31,"50_ep0.2_0_gilbert_10.in",5,1.691
"GBRL",50,26,"50_ep0.2_0_gilbert_10.in",6,1.6654
"GBRL",50,16,"50_ep0.2_0_gilbert_10.in",7,1.2895
"GBRL",50,3,"50_ep0.2_0_gilbert_10.in",8,0.1075
"GBRL",50,2,"50_ep0.2_0_gilbert_10.in",9,0.0901
"GBRL",50,1,"50_ep0.2_0_gilbert_10.in",10,0.0319
"GBRL",50,46,"50_ep0.15_0_gilbert_2.in",1,9.49
"GBRL",50,40,"50_ep0.15_0_gilbert_2.in",2,4.518
"GBRL",50,29,"50_ep0.15_0_gilbert_2.in",3,5.2225
"GBRL",50,1,"50_ep0.15_0_gilbert_2.in",4,0.0395
"GBRL",50,1,"50_ep0.15_0_gilbert_2.in",5,0.0309
"GBRL",50,1,"50_ep0.15_0_gilbert_2.in",6,0.0435
"GBRL",50,1,"50_ep0.15_0_gilbert_2.in",7,0.0487
"GBRL",50,1,"50_ep0.15_0_gilbert_2.in",8,0.0339
"GBRL",50,1,"50_ep0.15_0_gilbert_2.in",9,0.0286
"GBRL",50,1,"50_ep0.15_0_gilbert_2.in",10,0.0197
"GBRL",50,47,"50_ep0.25_0_gilbert_7.in",1,2.4771
"GBRL",50,44,"50_ep0.25_0_gilbert_7.in",2,1.3728
"GBRL",50,41,"50_ep0.25_0_gilbert_7.in",3,1.1226
"GBRL",50,38,"50_ep0.25_0_gilbert_7.in",4,0.3797
"GBRL",50,34,"50_ep0.25_0_gilbert_7.in",5,0.6062
"GBRL",50,31,"50_ep0.25_0_gilbert_7.in",6,0.5301
"GBRL",50,27,"50_ep0.25_0_gilbert_7.in",7,0.51
"GBRL",50,21,"50_ep0.25_0_gilbert_7.in",8,0.5045
"GBRL",50,16,"50_ep0.25_0_gilbert_7.in",9,0.3502
"GBRL",50,12,"50_ep0.25_0_gilbert_7.in",10,0.3013
"GBRL",50,46,"50_ep0.15_0_gilbert_4.in",1,10.9068
"GBRL",50,40,"50_ep0.15_0_gilbert_4.in",2,6.6689
"GBRL",50,31,"50_ep0.15_0_gilbert_4.in",3,5.836
"GBRL",50,2,"50_ep0.15_0_gilbert_4.in",4,0.1255
"GBRL",50,1,"50_ep0.15_0_gilbert_4.in",5,0.0619
"GBRL",50,1,"50_ep0.15_0_gilbert_4.in",6,0.0544
"GBRL",50,1,"50_ep0.15_0_gilbert_4.in",7,0.0481
"GBRL",50,1,"50_ep0.15_0_gilbert_4.in",8,0.0403
"GBRL",50,1,"50_ep0.15_0_gilbert_4.in",9,0.0326
"GBRL",50,1,"50_ep0.15_0_gilbert_4.in",10,0.0235
"GBRL",50,45,"50_ep0.15_0_gilbert_5.in",1,4.4093
"GBRL",50,37,"50_ep0.15_0_gilbert_5.in",2,3.5806
"GBRL",50,7,"50_ep0.15_0_gilbert_5.in",3,0.7742
"GBRL",50,2,"50_ep0.15_0_gilbert_5.in",4,0.095
"GBRL",50,1,"50_ep0.15_0_gilbert_5.in",5,0.0235
"GBRL",50,1,"50_ep0.15_0_gilbert_5.in",6,0.0209
"GBRL",50,1,"50_ep0.15_0_gilbert_5.in",7,0.0225
"GBRL",50,1,"50_ep0.15_0_gilbert_5.in",8,0.0167
"GBRL",50,1,"50_ep0.15_0_gilbert_5.in",9,0.0146
"GBRL",50,1,"50_ep0.15_0_gilbert_5.in",10,0.0215
"GBRL",50,45,"50_ep0.15_0_gilbert_3.in",1,4.2008
"GBRL",50,41,"50_ep0.15_0_gilbert_3.in",2,1.7053
"GBRL",50,36,"50_ep0.15_0_gilbert_3.in",3,1.8569
"GBRL",50,31,"50_ep0.15_0_gilbert_3.in",4,0.9427
"GBRL",50,19,"50_ep0.15_0_gilbert_3.in",5,0.794
"GBRL",50,8,"50_ep0.15_0_gilbert_3.in",6,0.1616
"GBRL",50,3,"50_ep0.15_0_gilbert_3.in",7,0.0506
"GBRL",50,2,"50_ep0.15_0_gilbert_3.in",8,0.0443
"GBRL",50,1,"50_ep0.15_0_gilbert_3.in",9,0.0158
"GBRL",50,1,"50_ep0.15_0_gilbert_3.in",10,0.0125
"GBRL",50,46,"50_ep0.15_0_gilbert_10.in",1,3.0058
"GBRL",50,42,"50_ep0.15_0_gilbert_10.in",2,1.5627
"GBRL",50,37,"50_ep0.15_0_gilbert_10.in",3,1.0973
"GBRL",50,34,"50_ep0.15_0_gilbert_10.in",4,2.321
"GBRL",50,29,"50_ep0.15_0_gilbert_10.in",5,0.9766
"GBRL",50,23,"50_ep0.15_0_gilbert_10.in",6,0.8793
"GBRL",50,12,"50_ep0.15_0_gilbert_10.in",7,0.7066
"GBRL",50,3,"50_ep0.15_0_gilbert_10.in",8,0.0927
"GBRL",50,2,"50_ep0.15_0_gilbert_10.in",9,0.0803
"GBRL",50,1,"50_ep0.15_0_gilbert_10.in",10,0.0266
"GBRL",50,47,"50_ep0.25_0_gilbert_4.in",1,4.376
"GBRL",50,43,"50_ep0.25_0_gilbert_4.in",2,3.2891
"GBRL",50,40,"50_ep0.25_0_gilbert_4.in",3,4.4409
"GBRL",50,36,"50_ep0.25_0_gilbert_4.in",4,3.5399
"GBRL",50,31,"50_ep0.25_0_gilbert_4.in",5,2.9818
"GBRL",50,23,"50_ep0.25_0_gilbert_4.in",6,2.6584
"GBRL",50,2,"50_ep0.25_0_gilbert_4.in",7,0.1
"GBRL",50,1,"50_ep0.25_0_gilbert_4.in",8,0.05
"GBRL",50,1,"50_ep0.25_0_gilbert_4.in",9,0.0418
"GBRL",50,1,"50_ep0.25_0_gilbert_4.in",10,0.0328
"GBRL",50,47,"50_ep0.2_0_gilbert_5.in",1,2.1446
"GBRL",50,43,"50_ep0.2_0_gilbert_5.in",2,1.9194
"GBRL",50,40,"50_ep0.2_0_gilbert_5.in",3,1.5228
"GBRL",50,36,"50_ep0.2_0_gilbert_5.in",4,1.2696
"GBRL",50,32,"50_ep0.2_0_gilbert_5.in",5,1.3405
"GBRL",50,28,"50_ep0.2_0_gilbert_5.in",6,1.0134
"GBRL",50,22,"50_ep0.2_0_gilbert_5.in",7,1.5546
"GBRL",50,13,"50_ep0.2_0_gilbert_5.in",8,0.5433
"GBRL",50,5,"50_ep0.2_0_gilbert_5.in",9,0.1912
"GBRL",50,3,"50_ep0.2_0_gilbert_5.in",10,0.0551
"GBRL",100,42,"100_r0.195_0_geom_7.gin",1,32.4058
"GBRL",100,23,"100_r0.195_0_geom_7.gin",2,6.547
"GBRL",100,13,"100_r0.195_0_geom_7.gin",3,1.0329
"GBRL",100,10,"100_r0.195_0_geom_7.gin",4,0.8549
"GBRL",100,7,"100_r0.195_0_geom_7.gin",5,0.3163
"GBRL",100,6,"100_r0.195_0_geom_7.gin",6,0.2568
"GBRL",100,5,"100_r0.195_0_geom_7.gin",7,0.2381
"GBRL",100,4,"100_r0.195_0_geom_7.gin",8,0.1935
"GBRL",100,3,"100_r0.195_0_geom_7.gin",9,0.1713
"GBRL",100,2,"100_r0.195_0_geom_7.gin",10,0.133
"GBRL",100,49,"100_r0.195_0_geom_3.gin",1,274.7535
"GBRL",100,2,"100_r0.195_0_geom_3.gin",2,1.3783
"GBRL",100,1,"100_r0.195_0_geom_3.gin",3,0.3131
"GBRL",100,1,"100_r0.195_0_geom_3.gin",4,0.2203
"GBRL",100,1,"100_r0.195_0_geom_3.gin",5,0.1851
"GBRL",100,1,"100_r0.195_0_geom_3.gin",6,0.0805
"GBRL",100,1,"100_r0.195_0_geom_3.gin",7,0.0679
"GBRL",100,1,"100_r0.195_0_geom_3.gin",8,0.0602
"GBRL",100,1,"100_r0.195_0_geom_3.gin",9,0.0611
"GBRL",100,1,"100_r0.195_0_geom_3.gin",10,0.0395
"GBRL",100,17,"100_r0.169_0_geom_4.gin",1,8.6357
"GBRL",100,11,"100_r0.169_0_geom_4.gin",2,3.1804
"GBRL",100,6,"100_r0.169_0_geom_4.gin",3,0.9127
"GBRL",100,3,"100_r0.169_0_geom_4.gin",4,0.3989
"GBRL",100,2,"100_r0.169_0_geom_4.gin",5,0.2508
"GBRL",100,1,"100_r0.169_0_geom_4.gin",6,0.1394
"GBRL",100,1,"100_r0.169_0_geom_4.gin",7,0.1017
"GBRL",100,1,"100_r0.169_0_geom_4.gin",8,0.0982
"GBRL",100,1,"100_r0.169_0_geom_4.gin",9,0.0967
"GBRL",100,1,"100_r0.169_0_geom_4.gin",10,0.0535
"GBRL",100,71,"100_r0.219_0_geom_8.gin",1,634.2027
"GBRL",100,32,"100_r0.219_0_geom_8.gin",2,121.5958
"GBRL",100,8,"100_r0.219_0_geom_8.gin",3,0.8683
"GBRL",100,7,"100_r0.219_0_geom_8.gin",4,0.4411
"GBRL",100,6,"100_r0.219_0_geom_8.gin",5,0.3412
"GBRL",100,5,"100_r0.219_0_geom_8.gin",6,0.269
"GBRL",100,4,"100_r0.219_0_geom_8.gin",7,0.2355
"GBRL",100,3,"100_r0.219_0_geom_8.gin",8,0.1989
"GBRL",100,2,"100_r0.219_0_geom_8.gin",9,0.1714
"GBRL",100,1,"100_r0.219_0_geom_8.gin",10,0.0527
"GBRL",100,62,"100_r0.169_0_geom_5.gin",1,230.4255
"GBRL",100,12,"100_r0.169_0_geom_5.gin",2,13.1492
"GBRL",100,7,"100_r0.169_0_geom_5.gin",3,1.0138
"GBRL",100,4,"100_r0.169_0_geom_5.gin",4,0.3781
"GBRL",100,3,"100_r0.169_0_geom_5.gin",5,0.287
"GBRL",100,2,"100_r0.169_0_geom_5.gin",6,0.2342
"GBRL",100,1,"100_r0.169_0_geom_5.gin",7,0.0728
"GBRL",100,1,"100_r0.169_0_geom_5.gin",8,0.0608
"GBRL",100,1,"100_r0.169_0_geom_5.gin",9,0.0723
"GBRL",100,1,"100_r0.169_0_geom_5.gin",10,0.048
"GBRL",100,85,"100_r0.195_0_geom_9.gin",1,323.467
"GBRL",100,36,"100_r0.195_0_geom_9.gin",2,43.6972
"GBRL",100,14,"100_r0.195_0_geom_9.gin",3,4.1573
"GBRL",100,8,"100_r0.195_0_geom_9.gin",4,0.8438
"GBRL",100,4,"100_r0.195_0_geom_9.gin",5,0.363
"GBRL",100,3,"100_r0.195_0_geom_9.gin",6,0.2958
"GBRL",100,2,"100_r0.195_0_geom_9.gin",7,0.2434
"GBRL",100,1,"100_r0.195_0_geom_9.gin",8,0.0652
"GBRL",100,1,"100_r0.195_0_geom_9.gin",9,0.0661
"GBRL",100,1,"100_r0.195_0_geom_9.gin",10,0.055
"GBRL",100,81,"100_r0.219_0_geom_6.gin",1,67.9869
"GBRL",100,70,"100_r0.219_0_geom_6.gin",2,31.02
"GBRL",100,55,"100_r0.219_0_geom_6.gin",3,38.3246
"GBRL",100,37,"100_r0.219_0_geom_6.gin",4,9.4226
"GBRL",100,20,"100_r0.219_0_geom_6.gin",5,1.6882
"GBRL",100,16,"100_r0.219_0_geom_6.gin",6,1.3837
"GBRL",100,12,"100_r0.219_0_geom_6.gin",7,0.2687
"GBRL",100,11,"100_r0.219_0_geom_6.gin",8,0.3178
"GBRL",100,10,"100_r0.219_0_geom_6.gin",9,0.3268
"GBRL",100,9,"100_r0.219_0_geom_6.gin",10,0.3139
"GBRL",100,49,"100_r0.219_0_geom_5.gin",1,43.7143
"GBRL",100,35,"100_r0.219_0_geom_5.gin",2,55.3999
"GBRL",100,2,"100_r0.219_0_geom_5.gin",3,0.7992
"GBRL",100,1,"100_r0.219_0_geom_5.gin",4,0.1594
"GBRL",100,1,"100_r0.219_0_geom_5.gin",5,0.1234
"GBRL",100,1,"100_r0.219_0_geom_5.gin",6,0.1015
"GBRL",100,1,"100_r0.219_0_geom_5.gin",7,0.087
"GBRL",100,1,"100_r0.219_0_geom_5.gin",8,0.072
"GBRL",100,1,"100_r0.219_0_geom_5.gin",9,0.0734
"GBRL",100,1,"100_r0.219_0_geom_5.gin",10,0.0497
"GBRL",100,70,"100_r0.195_0_geom_1.gin",1,21.3309
"GBRL",100,50,"100_r0.195_0_geom_1.gin",2,9.5563
"GBRL",100,35,"100_r0.195_0_geom_1.gin",3,2.9312
"GBRL",100,27,"100_r0.195_0_geom_1.gin",4,2.5806
"GBRL",100,20,"100_r0.195_0_geom_1.gin",5,1.3823
"GBRL",100,15,"100_r0.195_0_geom_1.gin",6,0.764
"GBRL",100,12,"100_r0.195_0_geom_1.gin",7,0.4738
"GBRL",100,9,"100_r0.195_0_geom_1.gin",8,0.2117
"GBRL",100,8,"100_r0.195_0_geom_1.gin",9,0.1708
"GBRL",100,7,"100_r0.195_0_geom_1.gin",10,0.1683
"GBRL",100,84,"100_r0.219_0_geom_10.gin",1,388.2305
"GBRL",100,18,"100_r0.219_0_geom_10.gin",2,4.8688
"GBRL",100,14,"100_r0.219_0_geom_10.gin",3,2.3119
"GBRL",100,11,"100_r0.219_0_geom_10.gin",4,1.3828
"GBRL",100,7,"100_r0.219_0_geom_10.gin",5,0.6964
"GBRL",100,5,"100_r0.219_0_geom_10.gin",6,0.3212
"GBRL",100,4,"100_r0.219_0_geom_10.gin",7,0.2901
"GBRL",100,3,"100_r0.219_0_geom_10.gin",8,0.2425
"GBRL",100,2,"100_r0.219_0_geom_10.gin",9,0.1935
"GBRL",100,1,"100_r0.219_0_geom_10.gin",10,0.055
"GBRL",100,21,"100_r0.169_0_geom_3.gin",1,6.4521
"GBRL",100,13,"100_r0.169_0_geom_3.gin",2,1.2725
"GBRL",100,10,"100_r0.169_0_geom_3.gin",3,0.715
"GBRL",100,8,"100_r0.169_0_geom_3.gin",4,0.4776
"GBRL",100,6,"100_r0.169_0_geom_3.gin",5,0.268
"GBRL",100,5,"100_r0.169_0_geom_3.gin",6,0.227
"GBRL",100,4,"100_r0.169_0_geom_3.gin",7,0.1991
"GBRL",100,3,"100_r0.169_0_geom_3.gin",8,0.1551
"GBRL",100,2,"100_r0.169_0_geom_3.gin",9,0.1228
"GBRL",100,1,"100_r0.169_0_geom_3.gin",10,0.035
"GBRL",100,88,"100_r0.219_0_geom_7.gin",1,52.9936
"GBRL",100,72,"100_r0.219_0_geom_7.gin",2,23.4653
"GBRL",100,63,"100_r0.219_0_geom_7.gin",3,39.7443
"GBRL",100,40,"100_r0.219_0_geom_7.gin",4,5.5627
"GBRL",100,28,"100_r0.219_0_geom_7.gin",5,10.8318
"GBRL",100,15,"100_r0.219_0_geom_7.gin",6,5.0442
"GBRL",100,8,"100_r0.219_0_geom_7.gin",7,0.964
"GBRL",100,5,"100_r0.219_0_geom_7.gin",8,0.3954
"GBRL",100,4,"100_r0.219_0_geom_7.gin",9,0.2601
"GBRL",100,3,"100_r0.219_0_geom_7.gin",10,0.185
"GBRL",100,59,"100_r0.169_0_geom_6.gin",1,138.2631
"GBRL",100,25,"100_r0.169_0_geom_6.gin",2,4.7093
"GBRL",100,18,"100_r0.169_0_geom_6.gin",3,4.7687
"GBRL",100,10,"100_r0.169_0_geom_6.gin",4,0.6302
"GBRL",100,6,"100_r0.169_0_geom_6.gin",5,0.2855
"GBRL",100,5,"100_r0.169_0_geom_6.gin",6,0.235
"GBRL",100,4,"100_r0.169_0_geom_6.gin",7,0.2039
"GBRL",100,3,"100_r0.169_0_geom_6.gin",8,0.1763
"GBRL",100,2,"100_r0.169_0_geom_6.gin",9,0.2329
"GBRL",100,1,"100_r0.169_0_geom_6.gin",10,0.0636
"GBRL",100,7,"100_r0.169_0_geom_9.gin",1,5.0302
"GBRL",100,3,"100_r0.169_0_geom_9.gin",2,0.9359
"GBRL",100,2,"100_r0.169_0_geom_9.gin",3,0.5671
"GBRL",100,1,"100_r0.169_0_geom_9.gin",4,0.1064
"GBRL",100,1,"100_r0.169_0_geom_9.gin",5,0.0823
"GBRL",100,1,"100_r0.169_0_geom_9.gin",6,0.0669
"GBRL",100,1,"100_r0.169_0_geom_9.gin",7,0.0555
"GBRL",100,1,"100_r0.169_0_geom_9.gin",8,0.0455
"GBRL",100,1,"100_r0.169_0_geom_9.gin",9,0.0447
"GBRL",100,1,"100_r0.169_0_geom_9.gin",10,0.0276
"GBRL",100,91,"100_r0.219_0_geom_4.gin",1,174.9966
"GBRL",100,52,"100_r0.219_0_geom_4.gin",2,4.394
"GBRL",100,48,"100_r0.219_0_geom_4.gin",3,4.2285
"GBRL",100,42,"100_r0.219_0_geom_4.gin",4,3.1971
"GBRL",100,37,"100_r0.219_0_geom_4.gin",5,2.7277
"GBRL",100,33,"100_r0.219_0_geom_4.gin",6,3.5756
"GBRL",100,29,"100_r0.219_0_geom_4.gin",7,1.8819
"GBRL",100,24,"100_r0.219_0_geom_4.gin",8,1.0898
"GBRL",100,20,"100_r0.219_0_geom_4.gin",9,1.5936
"GBRL",100,16,"100_r0.219_0_geom_4.gin",10,0.8838
"GBRL",100,31,"100_r0.169_0_geom_7.gin",1,7.1885
"GBRL",100,24,"100_r0.169_0_geom_7.gin",2,1.5525
"GBRL",100,19,"100_r0.169_0_geom_7.gin",3,1.4369
"GBRL",100,15,"100_r0.169_0_geom_7.gin",4,0.4339
"GBRL",100,12,"100_r0.169_0_geom_7.gin",5,0.2476
"GBRL",100,11,"100_r0.169_0_geom_7.gin",6,0.2102
"GBRL",100,10,"100_r0.169_0_geom_7.gin",7,0.3594
"GBRL",100,9,"100_r0.169_0_geom_7.gin",8,0.3069
"GBRL",100,8,"100_r0.169_0_geom_7.gin",9,0.1753
"GBRL",100,7,"100_r0.169_0_geom_7.gin",10,0.1225
"GBRL",100,92,"100_r0.219_0_geom_3.gin",1,669.3192
"GBRL",100,74,"100_r0.219_0_geom_3.gin",2,199.9005
"GBRL",100,53,"100_r0.219_0_geom_3.gin",3,134.558
"GBRL",100,14,"100_r0.219_0_geom_3.gin",4,1.4948
"GBRL",100,9,"100_r0.219_0_geom_3.gin",5,0.7329
"GBRL",100,6,"100_r0.219_0_geom_3.gin",6,0.3624
"GBRL",100,5,"100_r0.219_0_geom_3.gin",7,0.2719
"GBRL",100,4,"100_r0.219_0_geom_3.gin",8,0.2622
"GBRL",100,3,"100_r0.219_0_geom_3.gin",9,0.2339
"GBRL",100,2,"100_r0.219_0_geom_3.gin",10,0.1807
"GBRL",100,50,"100_r0.169_0_geom_10.gin",1,113.7098
"GBRL",100,17,"100_r0.169_0_geom_10.gin",2,2.1714
"GBRL",100,12,"100_r0.169_0_geom_10.gin",3,1.3609
"GBRL",100,8,"100_r0.169_0_geom_10.gin",4,0.5755
"GBRL",100,5,"100_r0.169_0_geom_10.gin",5,0.2702
"GBRL",100,4,"100_r0.169_0_geom_10.gin",6,0.3647
"GBRL",100,3,"100_r0.169_0_geom_10.gin",7,0.3077
"GBRL",100,2,"100_r0.169_0_geom_10.gin",8,0.2186
"GBRL",100,1,"100_r0.169_0_geom_10.gin",9,0.0604
"GBRL",100,1,"100_r0.169_0_geom_10.gin",10,0.0418
"GBRL",100,62,"100_r0.195_0_geom_4.gin",1,720.5388
"GBRL",100,4,"100_r0.195_0_geom_4.gin",2,1.5311
"GBRL",100,3,"100_r0.195_0_geom_4.gin",3,0.6525
"GBRL",100,2,"100_r0.195_0_geom_4.gin",4,0.3981
"GBRL",100,1,"100_r0.195_0_geom_4.gin",5,0.103
"GBRL",100,1,"100_r0.195_0_geom_4.gin",6,0.0922
"GBRL",100,1,"100_r0.195_0_geom_4.gin",7,0.1438
"GBRL",100,1,"100_r0.195_0_geom_4.gin",8,0.1017
"GBRL",100,1,"100_r0.195_0_geom_4.gin",9,0.1114
"GBRL",100,1,"100_r0.195_0_geom_4.gin",10,0.0828
"GBRL",100,20,"100_r0.169_0_geom_2.gin",1,13.275
"GBRL",100,14,"100_r0.169_0_geom_2.gin",2,6.1413
"GBRL",100,9,"100_r0.169_0_geom_2.gin",3,1.6986
"GBRL",100,3,"100_r0.169_0_geom_2.gin",4,0.4618
"GBRL",100,2,"100_r0.169_0_geom_2.gin",5,0.2809
"GBRL",100,1,"100_r0.169_0_geom_2.gin",6,0.0729
"GBRL",100,1,"100_r0.169_0_geom_2.gin",7,0.0704
"GBRL",100,1,"100_r0.169_0_geom_2.gin",8,0.0594
"GBRL",100,1,"100_r0.169_0_geom_2.gin",9,0.0604
"GBRL",100,1,"100_r0.169_0_geom_2.gin",10,0.0651
"GBRL",100,85,"100_r0.195_0_geom_10.gin",1,55.7933
"GBRL",100,77,"100_r0.195_0_geom_10.gin",2,33.9278
"GBRL",100,60,"100_r0.195_0_geom_10.gin",3,11.7909
"GBRL",100,48,"100_r0.195_0_geom_10.gin",4,9.9542
"GBRL",100,29,"100_r0.195_0_geom_10.gin",5,2.5349
"GBRL",100,19,"100_r0.195_0_geom_10.gin",6,1.4191
"GBRL",100,12,"100_r0.195_0_geom_10.gin",7,0.9394
"GBRL",100,9,"100_r0.195_0_geom_10.gin",8,0.2999
"GBRL",100,8,"100_r0.195_0_geom_10.gin",9,0.1959
"GBRL",100,7,"100_r0.195_0_geom_10.gin",10,0.2595
"GBRL",100,85,"100_r0.219_0_geom_1.gin",1,151.863
"GBRL",100,67,"100_r0.219_0_geom_1.gin",2,127.6392
"GBRL",100,31,"100_r0.219_0_geom_1.gin",3,4.5842
"GBRL",100,23,"100_r0.219_0_geom_1.gin",4,2.2621
"GBRL",100,17,"100_r0.219_0_geom_1.gin",5,1.0579
"GBRL",100,15,"100_r0.219_0_geom_1.gin",6,0.9633
"GBRL",100,11,"100_r0.219_0_geom_1.gin",7,0.3306
"GBRL",100,10,"100_r0.219_0_geom_1.gin",8,0.2459
"GBRL",100,9,"100_r0.219_0_geom_1.gin",9,0.2187
"GBRL",100,8,"100_r0.219_0_geom_1.gin",10,0.32
"GBRL",100,33,"100_r0.169_0_geom_8.gin",1,64.3781
"GBRL",100,14,"100_r0.169_0_geom_8.gin",2,4.0932
"GBRL",100,6,"100_r0.169_0_geom_8.gin",3,0.7596
"GBRL",100,4,"100_r0.169_0_geom_8.gin",4,0.3839
"GBRL",100,3,"100_r0.169_0_geom_8.gin",5,0.2669
"GBRL",100,2,"100_r0.169_0_geom_8.gin",6,0.2261
"GBRL",100,1,"100_r0.169_0_geom_8.gin",7,0.0599
"GBRL",100,1,"100_r0.169_0_geom_8.gin",8,0.0503
"GBRL",100,1,"100_r0.169_0_geom_8.gin",9,0.0517
"GBRL",100,1,"100_r0.169_0_geom_8.gin",10,0.0365
"GBRL",100,74,"100_r0.219_0_geom_2.gin",1,47.5484
"GBRL",100,67,"100_r0.219_0_geom_2.gin",2,52.5651
"GBRL",100,54,"100_r0.219_0_geom_2.gin",3,8.8414
"GBRL",100,48,"100_r0.219_0_geom_2.gin",4,6.4162
"GBRL",100,42,"100_r0.219_0_geom_2.gin",5,6.3823
"GBRL",100,33,"100_r0.219_0_geom_2.gin",6,3.5248
"GBRL",100,28,"100_r0.219_0_geom_2.gin",7,2.7732
"GBRL",100,19,"100_r0.219_0_geom_2.gin",8,1.6307
"GBRL",100,15,"100_r0.219_0_geom_2.gin",9,1.1704
"GBRL",100,11,"100_r0.219_0_geom_2.gin",10,1.5676
"GBRL",100,25,"100_r0.195_0_geom_8.gin",1,64.2828
"GBRL",100,5,"100_r0.195_0_geom_8.gin",2,2.752
"GBRL",100,3,"100_r0.195_0_geom_8.gin",3,0.9245
"GBRL",100,2,"100_r0.195_0_geom_8.gin",4,0.4075
"GBRL",100,1,"100_r0.195_0_geom_8.gin",5,0.0973
"GBRL",100,1,"100_r0.195_0_geom_8.gin",6,0.0779
"GBRL",100,1,"100_r0.195_0_geom_8.gin",7,0.0667
"GBRL",100,1,"100_r0.195_0_geom_8.gin",8,0.0579
"GBRL",100,1,"100_r0.195_0_geom_8.gin",9,0.0586
"GBRL",100,1,"100_r0.195_0_geom_8.gin",10,0.037
"GBRL",100,84,"100_r0.195_0_geom_5.gin",1,123.8919
"GBRL",100,50,"100_r0.195_0_geom_5.gin",2,44.9191
"GBRL",100,21,"100_r0.195_0_geom_5.gin",3,5.1404
"GBRL",100,13,"100_r0.195_0_geom_5.gin",4,1.1663
"GBRL",100,10,"100_r0.195_0_geom_5.gin",5,0.324
"GBRL",100,9,"100_r0.195_0_geom_5.gin",6,0.2752
"GBRL",100,8,"100_r0.195_0_geom_5.gin",7,0.232
"GBRL",100,7,"100_r0.195_0_geom_5.gin",8,0.1822
"GBRL",100,6,"100_r0.195_0_geom_5.gin",9,0.2174
"GBRL",100,5,"100_r0.195_0_geom_5.gin",10,0.2526
"GBRL",100,87,"100_r0.219_0_geom_9.gin",1,374.6748
"GBRL",100,64,"100_r0.219_0_geom_9.gin",2,312.8922
"GBRL",100,22,"100_r0.219_0_geom_9.gin",3,44.8708
"GBRL",100,11,"100_r0.219_0_geom_9.gin",4,4.7308
"GBRL",100,4,"100_r0.219_0_geom_9.gin",5,0.403
"GBRL",100,3,"100_r0.219_0_geom_9.gin",6,0.3313
"GBRL",100,2,"100_r0.219_0_geom_9.gin",7,0.2723
"GBRL",100,1,"100_r0.219_0_geom_9.gin",8,0.0785
"GBRL",100,1,"100_r0.219_0_geom_9.gin",9,0.0797
"GBRL",100,1,"100_r0.219_0_geom_9.gin",10,0.063
"GBRL",100,36,"100_r0.195_0_geom_2.gin",1,10.9052
"GBRL",100,28,"100_r0.195_0_geom_2.gin",2,6.0936
"GBRL",100,19,"100_r0.195_0_geom_2.gin",3,4.7456
"GBRL",100,14,"100_r0.195_0_geom_2.gin",4,1.4861
"GBRL",100,11,"100_r0.195_0_geom_2.gin",5,0.5897
"GBRL",100,9,"100_r0.195_0_geom_2.gin",6,0.2797
"GBRL",100,8,"100_r0.195_0_geom_2.gin",7,0.3887
"GBRL",100,7,"100_r0.195_0_geom_2.gin",8,0.2297
"GBRL",100,6,"100_r0.195_0_geom_2.gin",9,0.158
"GBRL",100,5,"100_r0.195_0_geom_2.gin",10,0.1272
"GBRL",100,84,"100_r0.195_0_geom_6.gin",1,81.6083
"GBRL",100,67,"100_r0.195_0_geom_6.gin",2,23.6531
"GBRL",100,50,"100_r0.195_0_geom_6.gin",3,36.4081
"GBRL",100,16,"100_r0.195_0_geom_6.gin",4,2.6574
"GBRL",100,10,"100_r0.195_0_geom_6.gin",5,0.7146
"GBRL",100,8,"100_r0.195_0_geom_6.gin",6,0.4948
"GBRL",100,7,"100_r0.195_0_geom_6.gin",7,0.3655
"GBRL",100,6,"100_r0.195_0_geom_6.gin",8,0.2318
"GBRL",100,5,"100_r0.195_0_geom_6.gin",9,0.1886
"GBRL",100,4,"100_r0.195_0_geom_6.gin",10,0.1515
"GBRL",100,7,"100_r0.169_0_geom_1.gin",1,10.6647
"GBRL",100,3,"100_r0.169_0_geom_1.gin",2,0.9657
"GBRL",100,2,"100_r0.169_0_geom_1.gin",3,0.4815
"GBRL",100,1,"100_r0.169_0_geom_1.gin",4,0.2429
"GBRL",100,1,"100_r0.169_0_geom_1.gin",5,0.1848
"GBRL",100,1,"100_r0.169_0_geom_1.gin",6,0.1194
"GBRL",100,1,"100_r0.169_0_geom_1.gin",7,0.0831
"GBRL",100,1,"100_r0.169_0_geom_1.gin",8,0.0578
"GBRL",100,1,"100_r0.169_0_geom_1.gin",9,0.0585
"GBRL",100,1,"100_r0.169_0_geom_1.gin",10,0.0682
"GBRL",50,29,"50_r0.259_0_geom_4.gin",1,5.4531
"GBRL",50,8,"50_r0.259_0_geom_4.gin",2,0.5827
"GBRL",50,6,"50_r0.259_0_geom_4.gin",3,0.1539
"GBRL",50,5,"50_r0.259_0_geom_4.gin",4,0.0983
"GBRL",50,4,"50_r0.259_0_geom_4.gin",5,0.0724
"GBRL",50,3,"50_r0.259_0_geom_4.gin",6,0.1046
"GBRL",50,2,"50_r0.259_0_geom_4.gin",7,0.0843
"GBRL",50,1,"50_r0.259_0_geom_4.gin",8,0.0325
"GBRL",50,1,"50_r0.259_0_geom_4.gin",9,0.0247
"GBRL",50,1,"50_r0.259_0_geom_4.gin",10,0.0154
"GBRL",50,44,"50_r0.299_0_geom_8.gin",1,2.7984
"GBRL",50,24,"50_r0.299_0_geom_8.gin",2,0.8397
"GBRL",50,14,"50_r0.299_0_geom_8.gin",3,0.2506
"GBRL",50,10,"50_r0.299_0_geom_8.gin",4,0.0994
"GBRL",50,9,"50_r0.299_0_geom_8.gin",5,0.1361
"GBRL",50,8,"50_r0.299_0_geom_8.gin",6,0.1011
"GBRL",50,7,"50_r0.299_0_geom_8.gin",7,0.089
"GBRL",50,6,"50_r0.299_0_geom_8.gin",8,0.0769
"GBRL",50,5,"50_r0.299_0_geom_8.gin",9,0.0535
"GBRL",50,4,"50_r0.299_0_geom_8.gin",10,0.0397
"GBRL",50,9,"50_r0.259_0_geom_7.gin",1,0.5039
"GBRL",50,8,"50_r0.259_0_geom_7.gin",2,0.1827
"GBRL",50,7,"50_r0.259_0_geom_7.gin",3,0.121
"GBRL",50,6,"50_r0.259_0_geom_7.gin",4,0.0783
"GBRL",50,5,"50_r0.259_0_geom_7.gin",5,0.0561
"GBRL",50,4,"50_r0.259_0_geom_7.gin",6,0.0458
"GBRL",50,3,"50_r0.259_0_geom_7.gin",7,0.0598
"GBRL",50,2,"50_r0.259_0_geom_7.gin",8,0.0443
"GBRL",50,1,"50_r0.259_0_geom_7.gin",9,0.018
"GBRL",50,1,"50_r0.259_0_geom_7.gin",10,0.0136
"GBRL",50,43,"50_r0.299_0_geom_2.gin",1,32.9889
"GBRL",50,15,"50_r0.299_0_geom_2.gin",2,4.2425
"GBRL",50,3,"50_r0.299_0_geom_2.gin",3,0.1654
"GBRL",50,2,"50_r0.299_0_geom_2.gin",4,0.2156
"GBRL",50,1,"50_r0.299_0_geom_2.gin",5,0.0489
"GBRL",50,1,"50_r0.299_0_geom_2.gin",6,0.0439
"GBRL",50,1,"50_r0.299_0_geom_2.gin",7,0.0451
"GBRL",50,1,"50_r0.299_0_geom_2.gin",8,0.0314
"GBRL",50,1,"50_r0.299_0_geom_2.gin",9,0.0263
"GBRL",50,1,"50_r0.299_0_geom_2.gin",10,0.0197
"GBRL",50,42,"50_r0.334_0_geom_2.gin",1,3.5504
"GBRL",50,32,"50_r0.334_0_geom_2.gin",2,1.6112
"GBRL",50,19,"50_r0.334_0_geom_2.gin",3,0.7598
"GBRL",50,11,"50_r0.334_0_geom_2.gin",4,0.1839
"GBRL",50,9,"50_r0.334_0_geom_2.gin",5,0.1857
"GBRL",50,6,"50_r0.334_0_geom_2.gin",6,0.0772
"GBRL",50,5,"50_r0.334_0_geom_2.gin",7,0.0557
"GBRL",50,4,"50_r0.334_0_geom_2.gin",8,0.0476
"GBRL",50,3,"50_r0.334_0_geom_2.gin",9,0.0414
"GBRL",50,2,"50_r0.334_0_geom_2.gin",10,0.0267
"GBRL",50,35,"50_r0.299_0_geom_10.gin",1,1.609
"GBRL",50,29,"50_r0.299_0_geom_10.gin",2,1.2407
"GBRL",50,18,"50_r0.299_0_geom_10.gin",3,0.7175
"GBRL",50,10,"50_r0.299_0_geom_10.gin",4,0.291
"GBRL",50,5,"50_r0.299_0_geom_10.gin",5,0.1818
"GBRL",50,4,"50_r0.299_0_geom_10.gin",6,0.1125
"GBRL",50,3,"50_r0.299_0_geom_10.gin",7,0.0855
"GBRL",50,2,"50_r0.299_0_geom_10.gin",8,0.0658
"GBRL",50,1,"50_r0.299_0_geom_10.gin",9,0.0238
"GBRL",50,1,"50_r0.299_0_geom_10.gin",10,0.0185
"GBRL",50,44,"50_r0.299_0_geom_7.gin",1,4.798
"GBRL",50,24,"50_r0.299_0_geom_7.gin",2,2.0283
"GBRL",50,14,"50_r0.299_0_geom_7.gin",3,0.8053
"GBRL",50,8,"50_r0.299_0_geom_7.gin",4,0.3337
"GBRL",50,6,"50_r0.299_0_geom_7.gin",5,0.1367
"GBRL",50,5,"50_r0.299_0_geom_7.gin",6,0.1035
"GBRL",50,4,"50_r0.299_0_geom_7.gin",7,0.1104
"GBRL",50,3,"50_r0.299_0_geom_7.gin",8,0.0948
"GBRL",50,2,"50_r0.299_0_geom_7.gin",9,0.0694
"GBRL",50,1,"50_r0.299_0_geom_7.gin",10,0.0234
"GBRL",50,38,"50_r0.299_0_geom_1.gin",1,1.6641
"GBRL",50,31,"50_r0.299_0_geom_1.gin",2,0.4825
"GBRL",50,25,"50_r0.299_0_geom_1.gin",3,0.2145
"GBRL",50,21,"50_r0.299_0_geom_1.gin",4,0.1811
"GBRL",50,18,"50_r0.299_0_geom_1.gin",5,0.1307
"GBRL",50,15,"50_r0.299_0_geom_1.gin",6,0.0623
"GBRL",50,12,"50_r0.299_0_geom_1.gin",7,0.1838
"GBRL",50,9,"50_r0.299_0_geom_1.gin",8,0.0492
"GBRL",50,8,"50_r0.299_0_geom_1.gin",9,0.0377
"GBRL",50,7,"50_r0.299_0_geom_1.gin",10,0.0348
"GBRL",50,46,"50_r0.334_0_geom_8.gin",1,3.3873
"GBRL",50,37,"50_r0.334_0_geom_8.gin",2,2.2742
"GBRL",50,23,"50_r0.334_0_geom_8.gin",3,0.459
"GBRL",50,17,"50_r0.334_0_geom_8.gin",4,0.7089
"GBRL",50,12,"50_r0.334_0_geom_8.gin",5,0.5187
"GBRL",50,9,"50_r0.334_0_geom_8.gin",6,0.1858
"GBRL",50,8,"50_r0.334_0_geom_8.gin",7,0.1104
"GBRL",50,7,"50_r0.334_0_geom_8.gin",8,0.0937
"GBRL",50,6,"50_r0.334_0_geom_8.gin",9,0.0559
"GBRL",50,5,"50_r0.334_0_geom_8.gin",10,0.045
"GBRL",50,28,"50_r0.259_0_geom_5.gin",1,2.9123
"GBRL",50,9,"50_r0.259_0_geom_5.gin",2,0.6719
"GBRL",50,6,"50_r0.259_0_geom_5.gin",3,0.1769
"GBRL",50,5,"50_r0.259_0_geom_5.gin",4,0.1578
"GBRL",50,4,"50_r0.259_0_geom_5.gin",5,0.1164
"GBRL",50,3,"50_r0.259_0_geom_5.gin",6,0.0951
"GBRL",50,2,"50_r0.259_0_geom_5.gin",7,0.0639
"GBRL",50,1,"50_r0.259_0_geom_5.gin",8,0.0323
"GBRL",50,1,"50_r0.259_0_geom_5.gin",9,0.0241
"GBRL",50,1,"50_r0.259_0_geom_5.gin",10,0.0146
"GBRL",50,35,"50_r0.334_0_geom_9.gin",1,6.539
"GBRL",50,29,"50_r0.334_0_geom_9.gin",2,3.8428
"GBRL",50,23,"50_r0.334_0_geom_9.gin",3,1.7
"GBRL",50,15,"50_r0.334_0_geom_9.gin",4,2.4975
"GBRL",50,5,"50_r0.334_0_geom_9.gin",5,0.3506
"GBRL",50,3,"50_r0.334_0_geom_9.gin",6,0.1344
"GBRL",50,2,"50_r0.334_0_geom_9.gin",7,0.1007
"GBRL",50,1,"50_r0.334_0_geom_9.gin",8,0.0382
"GBRL",50,1,"50_r0.334_0_geom_9.gin",9,0.031
"GBRL",50,1,"50_r0.334_0_geom_9.gin",10,0.0206
"GBRL",50,45,"50_r0.334_0_geom_4.gin",1,4.3148
"GBRL",50,32,"50_r0.334_0_geom_4.gin",2,2.2136
"GBRL",50,18,"50_r0.334_0_geom_4.gin",3,0.3983
"GBRL",50,12,"50_r0.334_0_geom_4.gin",4,0.2446
"GBRL",50,8,"50_r0.334_0_geom_4.gin",5,0.0783
"GBRL",50,7,"50_r0.334_0_geom_4.gin",6,0.0685
"GBRL",50,6,"50_r0.334_0_geom_4.gin",7,0.0571
"GBRL",50,5,"50_r0.334_0_geom_4.gin",8,0.0529
"GBRL",50,4,"50_r0.334_0_geom_4.gin",9,0.0435
"GBRL",50,3,"50_r0.334_0_geom_4.gin",10,0.0268
"GBRL",50,47,"50_r0.334_0_geom_1.gin",1,2.8627
"GBRL",50,37,"50_r0.334_0_geom_1.gin",2,1.4332
"GBRL",50,33,"50_r0.334_0_geom_1.gin",3,0.3763
"GBRL",50,30,"50_r0.334_0_geom_1.gin",4,0.3888
"GBRL",50,24,"50_r0.334_0_geom_1.gin",5,0.3988
"GBRL",50,20,"50_r0.334_0_geom_1.gin",6,0.4222
"GBRL",50,14,"50_r0.334_0_geom_1.gin",7,0.1092
"GBRL",50,10,"50_r0.334_0_geom_1.gin",8,0.1591
"GBRL",50,6,"50_r0.334_0_geom_1.gin",9,0.1915
"GBRL",50,4,"50_r0.334_0_geom_1.gin",10,0.0684
"GBRL",50,29,"50_r0.259_0_geom_9.gin",1,2.2186
"GBRL",50,16,"50_r0.259_0_geom_9.gin",2,0.7894
"GBRL",50,10,"50_r0.259_0_geom_9.gin",3,0.1935
"GBRL",50,8,"50_r0.259_0_geom_9.gin",4,0.0799
"GBRL",50,7,"50_r0.259_0_geom_9.gin",5,0.0597
"GBRL",50,6,"50_r0.259_0_geom_9.gin",6,0.0513
"GBRL",50,5,"50_r0.259_0_geom_9.gin",7,0.049
"GBRL",50,4,"50_r0.259_0_geom_9.gin",8,0.0351
"GBRL",50,3,"50_r0.259_0_geom_9.gin",9,0.0288
"GBRL",50,2,"50_r0.259_0_geom_9.gin",10,0.0217
"GBRL",50,41,"50_r0.299_0_geom_3.gin",1,2.7366
"GBRL",50,31,"50_r0.299_0_geom_3.gin",2,1.0014
"GBRL",50,23,"50_r0.299_0_geom_3.gin",3,0.5668
"GBRL",50,16,"50_r0.299_0_geom_3.gin",4,0.4169
"GBRL",50,12,"50_r0.299_0_geom_3.gin",5,0.2722
"GBRL",50,7,"50_r0.299_0_geom_3.gin",6,0.1002
"GBRL",50,6,"50_r0.299_0_geom_3.gin",7,0.1061
"GBRL",50,5,"50_r0.299_0_geom_3.gin",8,0.0919
"GBRL",50,4,"50_r0.299_0_geom_3.gin",9,0.0777
"GBRL",50,3,"50_r0.299_0_geom_3.gin",10,0.0504
"GBRL",50,45,"50_r0.299_0_geom_5.gin",1,4.2516
"GBRL",50,20,"50_r0.299_0_geom_5.gin",2,0.6605
"GBRL",50,15,"50_r0.299_0_geom_5.gin",3,0.231
"GBRL",50,13,"50_r0.299_0_geom_5.gin",4,0.1422
"GBRL",50,11,"50_r0.299_0_geom_5.gin",5,0.1382
"GBRL",50,9,"50_r0.299_0_geom_5.gin",6,0.0652
"GBRL",50,8,"50_r0.299_0_geom_5.gin",7,0.0505
"GBRL",50,7,"50_r0.299_0_geom_5.gin",8,0.0463
"GBRL",50,6,"50_r0.299_0_geom_5.gin",9,0.032
"GBRL",50,5,"50_r0.299_0_geom_5.gin",10,0.0251
"GBRL",50,47,"50_r0.334_0_geom_3.gin",1,3.5646
"GBRL",50,40,"50_r0.334_0_geom_3.gin",2,1.9024
"GBRL",50,32,"50_r0.334_0_geom_3.gin",3,1.124
"GBRL",50,23,"50_r0.334_0_geom_3.gin",4,0.8398
"GBRL",50,13,"50_r0.334_0_geom_3.gin",5,0.1794
"GBRL",50,7,"50_r0.334_0_geom_3.gin",6,0.2065
"GBRL",50,5,"50_r0.334_0_geom_3.gin",7,0.1196
"GBRL",50,4,"50_r0.334_0_geom_3.gin",8,0.0999
"GBRL",50,3,"50_r0.334_0_geom_3.gin",9,0.0746
"GBRL",50,2,"50_r0.334_0_geom_3.gin",10,0.0545
"GBRL",50,21,"50_r0.259_0_geom_10.gin",1,5.6593
"GBRL",50,3,"50_r0.259_0_geom_10.gin",2,0.208
"GBRL",50,2,"50_r0.259_0_geom_10.gin",3,0.1923
"GBRL",50,1,"50_r0.259_0_geom_10.gin",4,0.0647
"GBRL",50,1,"50_r0.259_0_geom_10.gin",5,0.0426
"GBRL",50,1,"50_r0.259_0_geom_10.gin",6,0.0368
"GBRL",50,1,"50_r0.259_0_geom_10.gin",7,0.0404
"GBRL",50,1,"50_r0.259_0_geom_10.gin",8,0.0245
"GBRL",50,1,"50_r0.259_0_geom_10.gin",9,0.0193
"GBRL",50,1,"50_r0.259_0_geom_10.gin",10,0.0155
"GBRL",50,45,"50_r0.334_0_geom_5.gin",1,1.9399
"GBRL",50,36,"50_r0.334_0_geom_5.gin",2,0.3873
"GBRL",50,31,"50_r0.334_0_geom_5.gin",3,0.2912
"GBRL",50,24,"50_r0.334_0_geom_5.gin",4,0.1737
"GBRL",50,21,"50_r0.334_0_geom_5.gin",5,0.142
"GBRL",50,17,"50_r0.334_0_geom_5.gin",6,0.0538
"GBRL",50,16,"50_r0.334_0_geom_5.gin",7,0.0423
"GBRL",50,15,"50_r0.334_0_geom_5.gin",8,0.0346
"GBRL",50,14,"50_r0.334_0_geom_5.gin",9,0.0272
"GBRL",50,13,"50_r0.334_0_geom_5.gin",10,0.0209
"GBRL",50,2,"50_r0.299_0_geom_4.gin",1,0.4413
"GBRL",50,1,"50_r0.299_0_geom_4.gin",2,0.1866
"GBRL",50,1,"50_r0.299_0_geom_4.gin",3,0.1241
"GBRL",50,1,"50_r0.299_0_geom_4.gin",4,0.1637
"GBRL",50,1,"50_r0.299_0_geom_4.gin",5,0.1157
"GBRL",50,1,"50_r0.299_0_geom_4.gin",6,0.0907
"GBRL",50,1,"50_r0.299_0_geom_4.gin",7,0.0788
"GBRL",50,1,"50_r0.299_0_geom_4.gin",8,0.0613
"GBRL",50,1,"50_r0.299_0_geom_4.gin",9,0.0428
"GBRL",50,1,"50_r0.299_0_geom_4.gin",10,0.0142
"GBRL",50,15,"50_r0.259_0_geom_3.gin",1,3.073
"GBRL",50,5,"50_r0.259_0_geom_3.gin",2,0.29
"GBRL",50,3,"50_r0.259_0_geom_3.gin",3,0.134
"GBRL",50,2,"50_r0.259_0_geom_3.gin",4,0.0745
"GBRL",50,1,"50_r0.259_0_geom_3.gin",5,0.0196
"GBRL",50,1,"50_r0.259_0_geom_3.gin",6,0.0175
"GBRL",50,1,"50_r0.259_0_geom_3.gin",7,0.0128
"GBRL",50,1,"50_r0.259_0_geom_3.gin",8,0.0096
"GBRL",50,1,"50_r0.259_0_geom_3.gin",9,0.0077
"GBRL",50,1,"50_r0.259_0_geom_3.gin",10,0.0065
"GBRL",50,42,"50_r0.299_0_geom_9.gin",1,9.9726
"GBRL",50,19,"50_r0.299_0_geom_9.gin",2,1.9142
"GBRL",50,7,"50_r0.299_0_geom_9.gin",3,0.7241
"GBRL",50,4,"50_r0.299_0_geom_9.gin",4,0.2496
"GBRL",50,3,"50_r0.299_0_geom_9.gin",5,0.1254
"GBRL",50,2,"50_r0.299_0_geom_9.gin",6,0.092
"GBRL",50,1,"50_r0.299_0_geom_9.gin",7,0.0397
"GBRL",50,1,"50_r0.299_0_geom_9.gin",8,0.0293
"GBRL",50,1,"50_r0.299_0_geom_9.gin",9,0.0201
"GBRL",50,1,"50_r0.299_0_geom_9.gin",10,0.015
"GBRL",50,47,"50_r0.334_0_geom_6.gin",1,3.8436
"GBRL",50,42,"50_r0.334_0_geom_6.gin",2,2.5918
"GBRL",50,32,"50_r0.334_0_geom_6.gin",3,1.6728
"GBRL",50,22,"50_r0.334_0_geom_6.gin",4,0.7987
"GBRL",50,8,"50_r0.334_0_geom_6.gin",5,0.1076
"GBRL",50,7,"50_r0.334_0_geom_6.gin",6,0.1215
"GBRL",50,6,"50_r0.334_0_geom_6.gin",7,0.1345
"GBRL",50,5,"50_r0.334_0_geom_6.gin",8,0.1052
"GBRL",50,4,"50_r0.334_0_geom_6.gin",9,0.1013
"GBRL",50,3,"50_r0.334_0_geom_6.gin",10,0.0764
"GBRL",50,24,"50_r0.259_0_geom_1.gin",1,3.1333
"GBRL",50,9,"50_r0.259_0_geom_1.gin",2,0.7491
"GBRL",50,5,"50_r0.259_0_geom_1.gin",3,0.341
"GBRL",50,3,"50_r0.259_0_geom_1.gin",4,0.1311
"GBRL",50,2,"50_r0.259_0_geom_1.gin",5,0.098
"GBRL",50,1,"50_r0.259_0_geom_1.gin",6,0.0335
"GBRL",50,1,"50_r0.259_0_geom_1.gin",7,0.0344
"GBRL",50,1,"50_r0.259_0_geom_1.gin",8,0.0256
"GBRL",50,1,"50_r0.259_0_geom_1.gin",9,0.0205
"GBRL",50,1,"50_r0.259_0_geom_1.gin",10,0.0125
"GBRL",50,39,"50_r0.259_0_geom_2.gin",1,6.6129
"GBRL",50,17,"50_r0.259_0_geom_2.gin",2,1.501
"GBRL",50,6,"50_r0.259_0_geom_2.gin",3,0.4081
"GBRL",50,4,"50_r0.259_0_geom_2.gin",4,0.162
"GBRL",50,3,"50_r0.259_0_geom_2.gin",5,0.0982
"GBRL",50,2,"50_r0.259_0_geom_2.gin",6,0.1105
"GBRL",50,1,"50_r0.259_0_geom_2.gin",7,0.0465
"GBRL",50,1,"50_r0.259_0_geom_2.gin",8,0.0349
"GBRL",50,1,"50_r0.259_0_geom_2.gin",9,0.0283
"GBRL",50,1,"50_r0.259_0_geom_2.gin",10,0.0214
"GBRL",50,38,"50_r0.259_0_geom_6.gin",1,3.9533
"GBRL",50,11,"50_r0.259_0_geom_6.gin",2,0.5723
"GBRL",50,9,"50_r0.259_0_geom_6.gin",3,0.2599
"GBRL",50,5,"50_r0.259_0_geom_6.gin",4,0.0789
"GBRL",50,4,"50_r0.259_0_geom_6.gin",5,0.0659
"GBRL",50,3,"50_r0.259_0_geom_6.gin",6,0.0524
"GBRL",50,2,"50_r0.259_0_geom_6.gin",7,0.0851
"GBRL",50,1,"50_r0.259_0_geom_6.gin",8,0.0318
"GBRL",50,1,"50_r0.259_0_geom_6.gin",9,0.0257
"GBRL",50,1,"50_r0.259_0_geom_6.gin",10,0.0194
"GBRL",50,27,"50_r0.259_0_geom_8.gin",1,3.5452
"GBRL",50,4,"50_r0.259_0_geom_8.gin",2,0.1975
"GBRL",50,3,"50_r0.259_0_geom_8.gin",3,0.1634
"GBRL",50,2,"50_r0.259_0_geom_8.gin",4,0.0736
"GBRL",50,1,"50_r0.259_0_geom_8.gin",5,0.0452
"GBRL",50,1,"50_r0.259_0_geom_8.gin",6,0.0389
"GBRL",50,1,"50_r0.259_0_geom_8.gin",7,0.0322
"GBRL",50,1,"50_r0.259_0_geom_8.gin",8,0.024
"GBRL",50,1,"50_r0.259_0_geom_8.gin",9,0.0113
"GBRL",50,1,"50_r0.259_0_geom_8.gin",10,0.0081
"GBRL",50,46,"50_r0.334_0_geom_10.gin",1,2.9339
"GBRL",50,41,"50_r0.334_0_geom_10.gin",2,1.3818
"GBRL",50,35,"50_r0.334_0_geom_10.gin",3,1.1396
"GBRL",50,26,"50_r0.334_0_geom_10.gin",4,0.6177
"GBRL",50,20,"50_r0.334_0_geom_10.gin",5,0.3362
"GBRL",50,15,"50_r0.334_0_geom_10.gin",6,0.2002
"GBRL",50,10,"50_r0.334_0_geom_10.gin",7,0.0759
"GBRL",50,9,"50_r0.334_0_geom_10.gin",8,0.0834
"GBRL",50,8,"50_r0.334_0_geom_10.gin",9,0.0789
"GBRL",50,7,"50_r0.334_0_geom_10.gin",10,0.0571
"GBRL",50,42,"50_r0.334_0_geom_7.gin",1,6.708
"GBRL",50,21,"50_r0.334_0_geom_7.gin",2,1.7595
"GBRL",50,7,"50_r0.334_0_geom_7.gin",3,0.4073
"GBRL",50,5,"50_r0.334_0_geom_7.gin",4,0.1163
"GBRL",50,4,"50_r0.334_0_geom_7.gin",5,0.0996
"GBRL",50,3,"50_r0.334_0_geom_7.gin",6,0.0796
"GBRL",50,2,"50_r0.334_0_geom_7.gin",7,0.058
"GBRL",50,1,"50_r0.334_0_geom_7.gin",8,0.0219
"GBRL",50,1,"50_r0.334_0_geom_7.gin",9,0.0175
"GBRL",50,1,"50_r0.334_0_geom_7.gin",10,0.0123
"GBRL",50,42,"50_r0.299_0_geom_6.gin",1,7.2843
"GBRL",50,17,"50_r0.299_0_geom_6.gin",2,1.211
"GBRL",50,8,"50_r0.299_0_geom_6.gin",3,0.3092
"GBRL",50,5,"50_r0.299_0_geom_6.gin",4,0.1373
"GBRL",50,4,"50_r0.299_0_geom_6.gin",5,0.0855
"GBRL",50,3,"50_r0.299_0_geom_6.gin",6,0.0652
"GBRL",50,2,"50_r0.299_0_geom_6.gin",7,0.055
"GBRL",50,1,"50_r0.299_0_geom_6.gin",8,0.0204
"GBRL",50,1,"50_r0.299_0_geom_6.gin",9,0.0164
"GBRL",50,1,"50_r0.299_0_geom_6.gin",10,0.0122
